"","H.sst.AEN","E.sst.AEN"
"1885-01-01",-0.512202845111123,-0.499167506354829
"1885-02-01",-0.546296153664065,-0.670949378748373
"1885-03-01",-0.341092374541668,-0.399918593224852
"1885-04-01",-0.179210985823616,-0.40780163595493
"1885-05-01",-0.0731542630570628,-0.0229643849470513
"1885-06-01",-0.070539966839403,-0.384011769438842
"1885-07-01",0.2281515789363,0.405472180498863
"1885-08-01",1.06247338384711,0.878426110184303
"1885-09-01",0.528142233747512,0.651078374859194
"1885-10-01",0.767987613883654,0.856083808032522
"1885-11-01",0.617336288414031,0.887472693987079
"1885-12-01",0.842872007080621,0.748771611053208
"1886-01-01",0.671063454654549,0.764801610659407
"1886-02-01",0.477701449864689,0.920198493176213
"1886-03-01",0.808597374949633,0.644779783796212
"1886-04-01",1.11118739190908,0.718371127131673
"1886-05-01",0.391266376117997,0.436514057657206
"1886-06-01",0.350146635985906,-0.0204340290003234
"1886-07-01",0.465479471106599,0.197020207540911
"1886-08-01",0.2170070551586,-0.00488911197927222
"1886-09-01",-0.103733975596145,-0.119429980003828
"1886-10-01",0.152335401661197,-0.20616547541546
"1886-11-01",-0.041207569745541,0.149189261863569
"1886-12-01",0.358390279828839,0.305213304863736
"1887-01-01",-0.00333385565995609,0.0269555778244436
"1887-02-01",-0.00663817059989999,0.17921601513361
"1887-03-01",-0.154958851423408,0.0842673504386478
"1887-04-01",-0.391449779834826,-0.231601642611685
"1887-05-01",-0.209457839697658,-0.535279108405557
"1887-06-01",-0.837760251239191,-1.32780801235887
"1887-07-01",-0.336353727090378,-0.965148769677465
"1887-08-01",-1.41306091084013,-1.0382675590497
"1887-09-01",-0.450702262164437,-0.48743933271759
"1887-10-01",-0.423760521180043,-0.41589745470061
"1887-11-01",-0.10776474286391,0.0540578814948593
"1887-12-01",0.0972359870222929,-0.438448408285803
"1888-01-01",-0.567262829193833,-0.606258682961211
"1888-02-01",-0.84129435062423,-0.764832381725898
"1888-03-01",-0.639626525214263,-0.977180868792455
"1888-04-01",-0.768216968763844,-0.601840560299655
"1888-05-01",-0.743445409834084,-0.626414668628696
"1888-06-01",-1.3911784092884,-1.36324121223878
"1888-07-01",-0.116419293693692,-0.937122948597616
"1888-08-01",-0.0448490898315453,-0.36190435757613
"1888-09-01",-0.250165650668376,-0.745649941886836
"1888-10-01",-0.752029815985741,-0.619861864189054
"1888-11-01",-0.212588926874016,-0.604825542148725
"1888-12-01",-0.262493169325775,0.0526769121732356
"1889-01-01",0.304675628025879,0.238654218722187
"1889-02-01",0.0148499593044816,-0.096816250224076
"1889-03-01",0.115672181469147,0.0396402741320159
"1889-04-01",0.0870781269994158,0.428807290810124
"1889-05-01",0.263437403595256,0.817287515683235
"1889-06-01",0.638752885300358,0.753368500370486
"1889-07-01",0.580065286166471,0.576899969212254
"1889-08-01",0.460254088748961,0.202465615429508
"1889-09-01",0.0571653435292483,0.148963965760798
"1889-10-01",0.287804781841222,0.271331440667527
"1889-11-01",0.0630809370954384,0.0710652201477105
"1889-12-01",0.461324915904458,0.425876223911086
"1890-01-01",0.844162751304161,0.776884489586809
"1890-02-01",0.195543585501147,0.268964743296396
"1890-03-01",0.117338350782027,0.130602789379675
"1890-04-01",0.00937235989322592,-0.28696071854645
"1890-05-01",-0.393125252348033,-0.170902638708295
"1890-06-01",-0.132117276688554,-0.610600915255311
"1890-07-01",-1.12990715118507,-0.957597186576363
"1890-08-01",-0.663897457914435,-0.595086258762866
"1890-09-01",-0.376559330436083,-0.426557018104032
"1890-10-01",-0.443036685975085,-0.561460288182526
"1890-11-01",-0.797731638755291,-0.68080763076101
"1890-12-01",-0.577249810068538,-0.551643397717948
"1891-01-01",-0.571157492744498,-0.559048368582294
"1891-02-01",-0.139912326658286,-0.280426664334878
"1891-03-01",-0.450212765066316,-0.353074796346573
"1891-04-01",-0.289897863873696,-0.0741872242650023
"1891-05-01",-0.400844783363359,-0.613691834723297
"1891-06-01",-1.8070082133527,-1.34906766280022
"1891-07-01",-0.866757343975189,-1.43488674208287
"1891-08-01",-1.27816141938467,-1.39376165361702
"1891-09-01",-0.677652844853334,-0.693622367386692
"1891-10-01",-0.316557965004956,-0.408107825164694
"1891-11-01",-0.486282817925339,-0.32269761190777
"1891-12-01",0.069403465799766,-0.385944591982545
"1892-01-01",-0.296097269574472,-0.490972598962798
"1892-02-01",-0.276555814189637,-0.260494967613333
"1892-03-01",-0.378921762028849,-0.248449059996837
"1892-04-01",-0.156235208609835,-0.83970429731078
"1892-05-01",-1.45417012833929,-1.4323356805537
"1892-06-01",-0.973317781176253,-1.75674757940856
"1892-07-01",-1.16444708322318,-1.36297750602447
"1892-08-01",-0.763318300391921,-1.1935628920008
"1892-09-01",-0.673249620116389,-0.531444537861331
"1892-10-01",-0.780201292689208,-0.578673049633255
"1892-11-01",-0.190352804919816,-0.542422746570849
"1892-12-01",0.618639149680505,-0.28012511354492
"1893-01-01",-0.876821466468372,-0.398032826208007
"1893-02-01",-0.394721508744795,-0.553832229108359
"1893-03-01",-0.53151070151488,-0.690501070701684
"1893-04-01",-1.04686676526642,-0.560084036749824
"1893-05-01",-0.440647239006524,-0.487567672364236
"1893-06-01",-0.67510247695527,-0.216921918618982
"1893-07-01",0.435267431752025,0.131100519247218
"1893-08-01",0.51974550862563,0.160133656373006
"1893-09-01",-0.0982632503042053,-0.186773899316068
"1893-10-01",0.0478311381833277,-0.39703547610188
"1893-11-01",0.513169654100327,-0.365244177771266
"1893-12-01",-0.094610636461978,-0.364480858419934
"1894-01-01",-0.272493859223599,-0.10812799830825
"1894-02-01",0.552423365576075,-0.0849651904268799
"1894-03-01",-0.525766145789613,-0.0239515809456256
"1894-04-01",-0.534441303059241,-0.43642327305359
"1894-05-01",-1.02817206546192,-0.860159573859191
"1894-06-01",-0.0539768629664491,-0.671664105215771
"1894-07-01",-0.151297612011097,-0.291911989286131
"1894-08-01",0.0771028637583813,-0.10997305744131
"1894-09-01",-0.209795819450185,-0.0328713310729178
"1894-10-01",0.185942977404083,0.252982193926668
"1894-11-01",-0.235785342936023,0.0058940354732135
"1894-12-01",-0.112814895513885,-0.0620381332263496
"1895-01-01",-0.503148348168815,-0.143012394070916
"1895-02-01",0.449616066852515,0.105844908698602
"1895-03-01",-0.069678230067441,0.311747149846575
"1895-04-01",-0.106107878758184,0.0755904919886608
"1895-05-01",-0.789896207762362,-0.573119201945902
"1895-06-01",-0.610636140099696,-1.11159848485945
"1895-07-01",-0.544611582178262,-0.997270002784104
"1895-08-01",-0.278726506646325,-0.620094178122062
"1895-09-01",-0.184398660288681,-0.480603082974594
"1895-10-01",-0.0942949032413285,-0.346900667884687
"1895-11-01",-0.0766985372057394,-0.249903744109208
"1895-12-01",-0.935473064614564,-0.461494398401207
"1896-01-01",-0.308471810220232,0.0505790790486623
"1896-02-01",0.0873303858950517,-0.001145591146897
"1896-03-01",0.314162317197353,0.099121114717847
"1896-04-01",0.209957495566971,0.131897768032641
"1896-05-01",0.0545761387226719,-0.518533596206315
"1896-06-01",-0.567708726022299,-1.33529345442313
"1896-07-01",-1.03465727209585,-1.42135365047429
"1896-08-01",-0.706761030009691,-1.08855664813617
"1896-09-01",-0.200133363988143,-0.584244258368519
"1896-10-01",0.0222505713805092,-0.281647693455166
"1896-11-01",-0.0919465964644189,0.00254846429932787
"1896-12-01",0.642438380364117,0.435831078182857
"1897-01-01",0.248094224535111,0.575805106702761
"1897-02-01",0.312748075152775,0.293470460489305
"1897-03-01",0.548998155682943,0.302540186407616
"1897-04-01",0.507078061943577,0.434527863054872
"1897-05-01",0.339492125307982,0.102551265137056
"1897-06-01",-0.117208514185072,-0.453744088145276
"1897-07-01",-0.138539527611807,-0.611873090763706
"1897-08-01",0.139823740098239,-0.171971770918883
"1897-09-01",0.0214561261638088,-0.0448404887934288
"1897-10-01",0.0519793598288238,-0.22630962082246
"1897-11-01",0.0535106624231303,-0.25897003192748
"1897-12-01",-1.61857336172733,-0.486646980221896
"1898-01-01",-0.928772539661243,-0.673269834468983
"1898-02-01",-0.547232067960489,-0.446148358472808
"1898-03-01",-0.466820247601672,-0.447242771556547
"1898-04-01",-0.266473304262685,-0.123133924077981
"1898-05-01",-0.317708729629389,-0.15391656535069
"1898-06-01",-0.0749992603893181,-0.351158578847902
"1898-07-01",-0.623941615029455,-0.625070648666151
"1898-08-01",-0.459180516166881,-0.549596854765335
"1898-09-01",0.0708393386118478,0.034170096971127
"1898-10-01",-0.199499899866801,-0.0572768023562961
"1898-11-01",0.308645425410217,0.10631142252351
"1898-12-01",0.755481163258696,0.247292945361519
"1899-01-01",0.445901217315258,0.0398510052104276
"1899-02-01",-0.340929476118501,0.13501546315319
"1899-03-01",0.480425189340068,-0.0134606329719286
"1899-04-01",0.0821254081668369,-0.181556130223863
"1899-05-01",0.0805346943755896,-0.0923853950038541
"1899-06-01",-0.288141889759658,0.0606091644162343
"1899-07-01",0.835937308719145,0.212279021043882
"1899-08-01",0.327130006118962,0.113887221297116
"1899-09-01",-0.361880810454746,0.121638195770061
"1899-10-01",0.364314491435272,-0.0905023811898215
"1899-11-01",-0.386707007919136,-0.503233572108614
"1899-12-01",-0.98123473233296,-0.758656381367784
"1900-01-01",-1.50307595438711,-0.810314936891648
"1900-02-01",-0.466051254093342,-1.00852859070409
"1900-03-01",-0.642981286277283,-0.469472624997226
"1900-04-01",-0.371679071818136,-0.728871434458132
"1900-05-01",-1.07276439956205,-0.999797444461758
"1900-06-01",-0.855176304139662,-1.26407313599858
"1900-07-01",0.298071638603032,-0.673995270864783
"1900-08-01",-0.72840212667046,-0.386343041820298
"1900-09-01",0.0961738824734218,0.146527464226323
"1900-10-01",0.442277816135682,-0.0243817581390957
"1900-11-01",0.423386731091189,0.284380745108517
"1900-12-01",0.53856000478245,0.294116097898727
"1901-01-01",NA,0.394587330444239
"1901-02-01",0.201264968185956,0.075821104818148
"1901-03-01",0.131801119196662,0.281701934390221
"1901-04-01",0.410559254557781,-0.122525586922763
"1901-05-01",-0.958422184162436,-0.521007793730013
"1901-06-01",-0.832354717255607,-0.42170558000174
"1901-07-01",-0.410374576521003,0.241267784545033
"1901-08-01",0.466664603834878,0.321654791695354
"1901-09-01",0.159561741016254,0.258187645089764
"1901-10-01",0.053230369149456,-0.063631630509212
"1901-11-01",-0.403790104075058,-0.0919254781924058
"1901-12-01",-0.196954367642497,-0.114006019723214
"1902-01-01",-0.419131457755704,-0.337902407602823
"1902-02-01",-0.0409790718482164,-0.13444426746562
"1902-03-01",-0.417877508066955,-0.546101831913415
"1902-04-01",-0.321407555859817,-0.469452294165133
"1902-05-01",-0.576035793927983,-0.699810448666141
"1902-06-01",-0.624288384749563,-1.08214615636978
"1902-07-01",-0.64169755965347,-1.20868472310761
"1902-08-01",-0.885912438646723,-1.02734121914644
"1902-09-01",-0.678230415300508,-0.830999870431635
"1902-10-01",-0.914973684973267,-1.2695095839916
"1902-11-01",-1.30916549028278,-1.09839365650439
"1902-12-01",-0.300353835726904,-0.721351476820301
"1903-01-01",-0.258702606728157,-0.388563403760013
"1903-02-01",-0.371400290364291,-0.422023472649645
"1903-03-01",-0.498050066187936,-0.596179926938926
"1903-04-01",-0.711805018753125,-0.884495340572936
"1903-05-01",-0.727925404969623,-0.95848957745089
"1903-06-01",-0.755757999891524,-0.806268475375488
"1903-07-01",-0.357422003791426,-0.545417457486591
"1903-08-01",-0.61555378239153,-0.754160485586072
"1903-09-01",-0.789640406452653,-0.882971775717041
"1903-10-01",-0.517584658882606,-0.448977049293618
"1903-11-01",-0.916522427467864,-0.582125245933859
"1903-12-01",-0.517567974050921,-0.532951628388565
"1904-01-01",-0.443746948811854,-0.515101844262701
"1904-02-01",-0.879633526141312,-0.845966634304149
"1904-03-01",-1.19135642267615,-1.26879110812961
"1904-04-01",-1.23130435908316,-1.03007468835994
"1904-05-01",-0.996837349855834,-0.903016255923046
"1904-06-01",-1.31984732079879,-1.52479307861334
"1904-07-01",-1.25398429294799,-1.65904214716434
"1904-08-01",-1.43648464281295,-1.80074968300518
"1904-09-01",-1.26867050380329,-1.46378346930054
"1904-10-01",-1.6056203686667,-1.53915354629084
"1904-11-01",-1.2960771383036,-1.28118087891524
"1904-12-01",-0.687445380457942,-1.03672979307802
"1905-01-01",-0.851012161225456,-0.76855159596943
"1905-02-01",-0.710091237758555,-0.595875519984895
"1905-03-01",-0.73682510719755,-0.787402218473562
"1905-04-01",-0.571427516287397,-0.597145169147582
"1905-05-01",-0.579844869151463,-0.688991345781893
"1905-06-01",-0.817929569106333,-1.45303954608017
"1905-07-01",-0.816520151498685,-1.3849641586423
"1905-08-01",-1.55983925484266,-1.36405140614723
"1905-09-01",-1.18148761591327,-0.867215903876409
"1905-10-01",-0.842386070974158,-0.834018229427259
"1905-11-01",-0.845051721939026,-0.789418757759399
"1905-12-01",-0.570133609005211,-0.40434115315254
"1906-01-01",-0.241563154154312,-0.317216885179625
"1906-02-01",-0.261804746919025,-0.299097190430408
"1906-03-01",0.155116204029802,-0.107725529460158
"1906-04-01",-0.467469653840419,-0.602958469824096
"1906-05-01",-1.06839741979397,-1.52828412412265
"1906-06-01",-1.60242231646712,-1.85508987201878
"1906-07-01",-0.981404056794271,-1.42849280656925
"1906-08-01",-0.702604512372307,-1.31541748303553
"1906-09-01",-0.858438728892792,-1.21825616938881
"1906-10-01",-1.2429297204718,-1.44712544594443
"1906-11-01",-0.703414877346693,-1.04579416512312
"1906-12-01",-0.760940544827613,-0.760245639951686
"1907-01-01",-0.553079685921985,-0.744628610484111
"1907-02-01",-0.8820056066476,-0.616657178545378
"1907-03-01",0.0121177983427504,-0.239652650828702
"1907-04-01",-0.753387907804273,-0.502147461548641
"1907-05-01",-0.574348983791193,-0.324390395078576
"1907-06-01",-0.437531916417821,-0.525539064535434
"1907-07-01",-0.536588228889957,-1.03507043409895
"1907-08-01",-0.526781003070604,-0.637262609971485
"1907-09-01",-0.423718125608263,-0.751613261777395
"1907-10-01",-0.807347659884974,-1.13197016088899
"1907-11-01",-0.641601294153866,-0.647028278403035
"1907-12-01",-0.384111691213234,-0.432210424872897
"1908-01-01",-0.470589388059643,-0.372787783194931
"1908-02-01",-0.630754120873338,-0.599124809024268
"1908-03-01",-0.666102543618391,-0.795781031583006
"1908-04-01",-0.918969934939956,-0.984280435988313
"1908-05-01",-1.25429474844709,-1.28371297652406
"1908-06-01",-1.23557813251768,-1.57056042700829
"1908-07-01",-0.839147520290956,-1.33998630549794
"1908-08-01",-0.522319480681091,-0.827696454750031
"1908-09-01",-0.47452112418727,-0.668303062147962
"1908-10-01",-0.435095506440036,-0.718822299465948
"1908-11-01",-0.518385818253975,-0.596621785571966
"1908-12-01",-0.248947314685921,-0.425338955650158
"1909-01-01",-0.412466101765492,-0.692936815163211
"1909-02-01",-0.89344388506886,-0.787519521453116
"1909-03-01",-0.299354639044498,-0.547712584891104
"1909-04-01",-0.150640204165112,-0.27206765647386
"1909-05-01",-0.0964675166976654,0.00573075081805121
"1909-06-01",-0.130746427043362,-0.289417515696676
"1909-07-01",-0.028631267652493,0.0854809130951754
"1909-08-01",0.402209011700166,0.0899603919109488
"1909-09-01",-0.189043843346576,-0.283465723311375
"1909-10-01",-0.00310918385898998,-0.127043499199354
"1909-11-01",0.370332888611575,-0.037559590718453
"1909-12-01",-0.0310131754472975,-0.016955069674624
"1910-01-01",-0.0343406257157528,-0.00805503817910358
"1910-02-01",0.252608688015954,0.0740551695236538
"1910-03-01",-0.0414223306714576,-0.0977004453830564
"1910-04-01",-0.318648961127178,-0.135680673265148
"1910-05-01",0.185866659246288,0.284923826216742
"1910-06-01",0.405396106475617,0.493576608661876
"1910-07-01",0.462854496741164,0.0223046765036943
"1910-08-01",0.114899557277754,-0.297115761545836
"1910-09-01",0.146413203162209,-0.0591563964373126
"1910-10-01",-0.342039726270923,-0.550336878346185
"1910-11-01",-0.13565813753229,-0.377779695306427
"1910-12-01",0.103539489027179,-0.474061662897534
"1911-01-01",-0.615002409028047,-0.726566466695906
"1911-02-01",-0.271126550663576,-0.631224144912108
"1911-03-01",-0.889767563853037,-1.06691275443679
"1911-04-01",-1.04571298586999,-1.07647407435516
"1911-05-01",-0.837124366549105,-1.34314580587317
"1911-06-01",-0.773323221443792,-1.17958873090563
"1911-07-01",-0.817310551849703,-1.32996913123186
"1911-08-01",-1.03603849917817,-1.3642448907896
"1911-09-01",-0.766009198812056,-1.09389084639822
"1911-10-01",-0.802595501822886,-1.0282747811446
"1911-11-01",-0.490986271107282,-0.898385337633132
"1911-12-01",-0.098593241033789,-0.305698909826623
"1912-01-01",0.155505305722176,-0.0831398212074098
"1912-02-01",0.131471509301455,0.179792669539981
"1912-03-01",0.100291624325683,0.0419736185652796
"1912-04-01",0.0239930725441142,-0.0148800336968198
"1912-05-01",-0.130940563503078,-0.295247227857617
"1912-06-01",-0.122712684463958,-0.371626183354983
"1912-07-01",-0.52133551177093,-0.817869508952347
"1912-08-01",-0.535314075125229,-0.807162847345948
"1912-09-01",-0.677403590163161,-0.950010275277754
"1912-10-01",-0.171350485536494,-0.627210643745355
"1912-11-01",0.122231050651507,-0.237232976120162
"1912-12-01",0.111025500291051,0.106910766095782
"1913-01-01",0.252575493692722,0.195193063902184
"1913-02-01",0.164232916770865,0.0243140402571168
"1913-03-01",0.0492495023062964,-0.0556823599097656
"1913-04-01",-0.151163773715904,0.0479003369822771
"1913-05-01",0.249052244762329,0.412968887503064
"1913-06-01",0.82147215686279,0.306141248680948
"1913-07-01",0.176535282449978,-0.391395432665189
"1913-08-01",-0.12120767873864,-0.325383715414091
"1913-09-01",-0.290073338166439,-0.613101463591325
"1913-10-01",-0.629042100891617,-0.769599953593509
"1913-11-01",-0.311595389614442,-0.558701288823696
"1913-12-01",-0.155063355412011,-0.501750243274126
"1914-01-01",0.115468493156806,-0.12913411200857
"1914-02-01",0.0574649873529362,-0.160757663937846
"1914-03-01",-0.220549298523968,-0.248200851467132
"1914-04-01",-0.114911685616872,-0.232643578494682
"1914-05-01",-0.232907047352466,-0.510122966282269
"1914-06-01",-1.18239904171217,-1.33177551288504
"1914-07-01",-1.23968028760429,-1.66014063935798
"1914-08-01",-0.749773547640671,-1.12503444347152
"1914-09-01",-0.322853416121326,-0.663474851984845
"1914-10-01",-0.0355750779719374,0.0667774544978923
"1914-11-01",0.395121694373807,0.299958810467631
"1914-12-01",-0.0364658772978607,0.00074003367445709
"1915-01-01",-0.526851133530495,-0.487117791004291
"1915-02-01",-0.877004833846303,-0.121134557988096
"1915-03-01",0.308028641652025,0.187813225190867
"1915-04-01",0.417487879549668,-0.0152979462717222
"1915-05-01",-0.780595774973203,-0.619131590525213
"1915-06-01",-0.241084365994682,-0.568496034398737
"1915-07-01",-0.512831183904727,-0.226731379925445
"1915-08-01",-0.790494192562173,-0.849500269919436
"1915-09-01",-0.466200488847377,-0.426922346341791
"1915-10-01",0.203939811833321,-0.0229449969116481
"1915-11-01",0.331663966161181,0.199242547601774
"1915-12-01",0.462090723637152,0.29594245574539
"1916-01-01",0.375876162155671,0.223844634941066
"1916-02-01",0.287921858077547,0.107640550567261
"1916-03-01",0.0851641243312096,0.169756584614498
"1916-04-01",0.333729473413634,0.216778574491553
"1916-05-01",0.0873140830781712,-0.271291961194712
"1916-06-01",-0.380165270032869,-0.493464689058676
"1916-07-01",0.0550783320738879,-0.135207861546523
"1916-08-01",-0.246101365882098,-0.124605807129286
"1916-09-01",0.0294931148640124,0.015528435553978
"1916-10-01",0.545958861167975,0.179150861571114
"1916-11-01",-0.214163579489335,-0.239211729442524
"1916-12-01",-0.247078519153778,-0.288520384076209
"1917-01-01",-0.478055364140908,-0.670257348823334
"1917-02-01",-1.10605462359108,-1.20796134305015
"1917-03-01",-1.33078276332513,-0.740735123962392
"1917-04-01",0.546474069328664,0.199386062520478
"1917-05-01",0.423345989604684,0.527338282599821
"1917-06-01",1.21297762340313,1.18304374045098
"1917-07-01",1.72346303020788,1.48926012296781
"1917-08-01",0.683502667223527,0.427891753632037
"1917-09-01",-0.627342863986864,-0.437563749216097
"1917-10-01",0.070878045866562,-0.378184915901487
"1917-11-01",-0.263876746330035,-0.161336915851313
"1917-12-01",-0.353265516363264,-0.485955924948315
"1918-01-01",-0.856226863925296,-0.959705510688156
"1918-02-01",-0.532988001651236,-0.597742876354505
"1918-03-01",-0.663765814442779,-0.504303124393351
"1918-04-01",-0.54495088745409,-0.486685930007299
"1918-05-01",-1.51732269088249,-1.00013988707307
"1918-06-01",-2.14960713014609,-2.22538799946227
"1918-07-01",-0.9075722491479,-1.50578063299427
"1918-08-01",-0.555766402754308,-1.16085262897121
"1918-09-01",-0.739222872647391,-1.23180220645353
"1918-10-01",-0.353404200990049,-0.40248397127696
"1918-11-01",0.952511703703472,-0.127503050753814
"1918-12-01",0.284903434248333,0.130782754412866
"1919-01-01",0.548435295407884,0.137926192751597
"1919-02-01",-1.3246367459346,-0.317568663641405
"1919-03-01",-0.371488507126238,-0.580831774150031
"1919-04-01",-1.20221147993044,-0.989002077106558
"1919-05-01",-1.54647812304098,-1.51680675152407
"1919-06-01",-0.0224423843345453,-1.20240944043597
"1919-07-01",-0.407973946017704,-1.00335520113355
"1919-08-01",-2.22447319172389,-1.3284362888933
"1919-09-01",-0.987028596058463,-1.02878967548006
"1919-10-01",-0.854230348124542,-0.989521391370768
"1919-11-01",-0.686467546840304,-1.00224092333467
"1919-12-01",-0.820376197029302,-0.811228962166715
"1920-01-01",0.421832153904761,-0.169075267748381
"1920-02-01",0.892809021159504,0.516289700426153
"1920-03-01",0.00482140860453619,0.47005240667087
"1920-04-01",-0.0107577346200311,-0.254691667107559
"1920-05-01",-0.0783356780742459,-0.547744566381984
"1920-06-01",-0.630200378476731,-0.785427602588683
"1920-07-01",0.0929165156182972,-0.710380808121384
"1920-08-01",-1.20757310320425,-1.01043716737733
"1920-09-01",-0.414455863371073,-0.631506798171391
"1920-10-01",-0.00717683571626328,-0.36707059886615
"1920-11-01",-0.524518268476979,-0.148971746181318
"1920-12-01",0.260172028130689,0.130807748076984
"1921-01-01",0.138475115599129,0.140737205085308
"1921-02-01",0.0046051203045299,-0.0347956611917202
"1921-03-01",0.102649853550752,0.1639677330176
"1921-04-01",-0.155618899411561,0.12284033568233
"1921-05-01",-0.148047678562839,0.79312593214024
"1921-06-01",0.8778656422197,0.751815762765821
"1921-07-01",0.825576093643238,0.454036247269088
"1921-08-01",0.566035179358921,0.256015406527658
"1921-09-01",0.524594620873343,0.448539611307721
"1921-10-01",0.662685684908006,0.263080960124817
"1921-11-01",0.134611968517394,-0.0350331278909876
"1921-12-01",-0.34631279919058,-0.52411769565569
"1922-01-01",-0.225291792233541,-0.225464094892218
"1922-02-01",-0.123928410669903,-0.308230436929298
"1922-03-01",0.146484179232951,-0.0485234718029591
"1922-04-01",-0.820332182762961,-0.680607463299756
"1922-05-01",-0.750241639044161,-0.861369482794865
"1922-06-01",-0.691456018536601,-1.23128619774735
"1922-07-01",-0.980393744366125,-1.30309045686751
"1922-08-01",-0.49799206447039,-0.72422849673463
"1922-09-01",-0.454374513883453,-0.778037573972693
"1922-10-01",-0.299292285409333,-0.664773472594412
"1922-11-01",-0.497661283971142,-0.895970077724482
"1922-12-01",-0.714986646789027,-0.73934332829578
"1923-01-01",-0.100190071603897,-0.42687683287822
"1923-02-01",-0.54854137211951,-0.674560393682196
"1923-03-01",-0.364693192594183,-0.611648400387264
"1923-04-01",-0.497325829660095,-0.392219681467184
"1923-05-01",-0.0244000397484921,-0.517591167584966
"1923-06-01",-0.260326339459542,-0.625202316692552
"1923-07-01",-0.714033707282783,-1.3960324884773
"1923-08-01",-0.980375122797851,-1.1916708973058
"1923-09-01",-0.580578448051409,-0.71670385333499
"1923-10-01",-0.154710394502559,-0.399643893517126
"1923-11-01",0.261823663165603,-0.202830650867127
"1923-12-01",0.88125145657243,0.443095580953203
"1924-01-01",0.374934771620546,0.535804775603411
"1924-02-01",0.710073268845196,0.599765873270281
"1924-03-01",-0.419528423170823,0.439979366120978
"1924-04-01",0.554897830437485,0.491039224957733
"1924-05-01",0.443317591585009,-0.0196272745020817
"1924-06-01",-0.308119949982736,-0.560411181610276
"1924-07-01",0.314103369245319,0.102829436415302
"1924-08-01",0.0619799131729794,-0.105630009463826
"1924-09-01",-0.117606984337341,-0.186244186083826
"1924-10-01",-0.215684354387852,-0.26696683472755
"1924-11-01",-0.485734416730435,-0.483196644457413
"1924-12-01",-0.494753104123131,-0.605770696071885
"1925-01-01",-0.282487208936319,-0.427379521764421
"1925-02-01",-0.290879900946937,-0.638920470588835
"1925-03-01",-0.0402774896226956,-0.489699890010568
"1925-04-01",-0.507354415649163,-0.222469773569833
"1925-05-01",0.355464841381187,0.275683075484207
"1925-06-01",0.363045309318547,0.166499195556901
"1925-07-01",0.56374806884428,0.325730699891208
"1925-08-01",0.556913337593697,0.201233171852033
"1925-09-01",-0.389555227941489,-0.47215811292046
"1925-10-01",-0.419515271708588,-0.626492870127058
"1925-11-01",-0.126305870464099,-0.543257116688734
"1925-12-01",0.036648608829081,-0.0125108054236982
"1926-01-01",0.242004297872522,0.0233840632222877
"1926-02-01",0.281526103640018,0.265217199360389
"1926-03-01",0.407988805924196,0.369232101560641
"1926-04-01",0.400017791049389,0.506391415425845
"1926-05-01",0.222707538836585,0.148299262393907
"1926-06-01",0.278682169614744,0.171344684265423
"1926-07-01",0.370581413411968,-0.0657203339643083
"1926-08-01",0.301406749807102,-0.0542943403525984
"1926-09-01",0.338522973215088,0.134442037441961
"1926-10-01",0.382734379203377,0.0996498644452871
"1926-11-01",-0.155941414390444,-0.137646146072749
"1926-12-01",-0.187577145090306,-0.315312923323603
"1927-01-01",-0.0637545933531077,-0.21978840736971
"1927-02-01",-0.130305988688232,-0.273583142778513
"1927-03-01",-0.295425569651645,-0.223544369810103
"1927-04-01",-0.49865957509546,-0.498846715676943
"1927-05-01",-0.452701484988188,-0.584110041464992
"1927-06-01",-0.22538077442866,-0.4737435007273
"1927-07-01",0.109203075940562,-0.483512915557858
"1927-08-01",-0.490195233307932,-0.576837448907614
"1927-09-01",0.0696874299341349,-0.352777581073289
"1927-10-01",0.238169344492248,0.0860182950320503
"1927-11-01",0.641192949263447,0.309831980301784
"1927-12-01",0.653640542037043,0.362449687502708
"1928-01-01",0.374555746868882,0.172030389187161
"1928-02-01",0.48305737792031,0.104939229464883
"1928-03-01",-0.312535803230047,-0.451137010461117
"1928-04-01",-0.360994203389164,-0.372429854808939
"1928-05-01",-0.120079838741999,-0.437516336387182
"1928-06-01",-0.644762579801456,-0.62182195362342
"1928-07-01",-0.414011718787849,-0.409781455023662
"1928-08-01",-0.481755939087694,-0.65175453444694
"1928-09-01",-0.572292974544287,-0.502021309389347
"1928-10-01",-0.11066912264711,-0.19745548564185
"1928-11-01",0.029739800096692,0.0318664256546927
"1928-12-01",0.423020763097218,0.0751859705016357
"1929-01-01",0.152172961694648,0.0453809260546698
"1929-02-01",0.305275169388984,-0.0411507427004741
"1929-03-01",-0.155220413648043,-0.159015706324541
"1929-04-01",0.291242575319887,-0.0295392200945355
"1929-05-01",-0.609023124962416,-0.631669859729989
"1929-06-01",-0.433903766069962,-1.28271148151405
"1929-07-01",-0.502464350462098,-0.852423374865056
"1929-08-01",-0.809339859052923,-0.762293622084824
"1929-09-01",-0.893389879874073,-1.20318559010278
"1929-10-01",-0.546631566104611,-0.921737623331059
"1929-11-01",0.222743628255959,-0.268556805604155
"1929-12-01",-0.446472280006693,-0.354568168801737
"1930-01-01",-0.346177470760741,-0.448577017936828
"1930-02-01",-0.339228813771705,-0.355193541442638
"1930-03-01",-0.694024048880602,-0.787549622201083
"1930-04-01",-0.934116239862321,-0.666166112531165
"1930-05-01",-0.533916046863499,-0.722689905662157
"1930-06-01",-0.310951752051982,-0.708111255551826
"1930-07-01",0.102518941539329,-0.717036674118002
"1930-08-01",-0.40048380153204,-0.761507657977238
"1930-09-01",-0.256440800365671,-0.55259598314813
"1930-10-01",-0.131671757189904,-0.462903483007352
"1930-11-01",0.12703803998428,-0.448968457006548
"1930-12-01",0.524531299916587,-0.0756402725373117
"1931-01-01",-0.224310598392179,-0.133336131802361
"1931-02-01",0.311956485851,0.320662097566789
"1931-03-01",0.0709595468938523,0.109703348511213
"1931-04-01",0.00489541011385913,-0.445097716389509
"1931-05-01",-0.26233632500754,-0.385219459746945
"1931-06-01",-0.20860730516477,-0.703030735194477
"1931-07-01",-0.926917200092501,-0.787121828958422
"1931-08-01",-0.120751979882941,-0.557860673272584
"1931-09-01",0.064937040691733,-0.369813409504024
"1931-10-01",0.0924160951163938,-0.557410672956576
"1931-11-01",-0.56802859757661,-0.681381444751281
"1931-12-01",-0.115066499138755,-0.550681574669315
"1932-01-01",-0.00488573300046148,-0.476519034684165
"1932-02-01",-0.310185982346227,-0.593035319529226
"1932-03-01",-0.756987191311824,-0.999124744958125
"1932-04-01",-0.113724685086153,-0.64496338822761
"1932-05-01",-0.835864204892167,-1.24645672786534
"1932-06-01",-0.776931098320982,-1.35773976809499
"1932-07-01",-1.26575670588784,-1.51528352530636
"1932-08-01",-0.584932428803055,-0.725008997321264
"1932-09-01",-0.72032967541675,-0.996486571200009
"1932-10-01",-0.421087697009028,-0.818522836367142
"1932-11-01",-0.0521782791360165,-0.298402457304727
"1932-12-01",0.275458970636252,-0.11402930989549
"1933-01-01",-0.00366917744096849,-0.211975791245732
"1933-02-01",0.140677229104578,-0.11409510637795
"1933-03-01",0.301821904795737,0.209557966844271
"1933-04-01",0.514935545096405,0.16664742815371
"1933-05-01",-0.15803063131429,-0.104730372650532
"1933-06-01",0.249745369338871,-0.36148183886016
"1933-07-01",0.377733852950806,-0.121982617480327
"1933-08-01",-0.133941415608338,-0.342170321614303
"1933-09-01",-0.174961657726277,-0.427656668869455
"1933-10-01",1.01778791907355,-0.0184195068810779
"1933-11-01",0.180604656202348,0.118329138416324
"1933-12-01",0.464963883403694,0.249244560311072
"1934-01-01",0.094825625201877,0.0466282706673696
"1934-02-01",0.0533981616589213,-0.192434049583875
"1934-03-01",-0.0569403386903298,-0.0650575668898482
"1934-04-01",0.173420146135684,0.138233349179604
"1934-05-01",0.333042415707717,0.575610476199694
"1934-06-01",0.887785491781674,1.02915607945889
"1934-07-01",1.08798390367076,1.00288919429641
"1934-08-01",0.937717952641462,0.809037642969015
"1934-09-01",0.735401824826139,0.485580138773179
"1934-10-01",0.48449098793518,0.250176126110591
"1934-11-01",0.175114629382536,0.141220149771142
"1934-12-01",0.513142474242244,0.184964410645061
"1935-01-01",0.444361804991461,0.0522949480869503
"1935-02-01",0.022937395985576,-0.071156042501808
"1935-03-01",-0.154089041246478,0.0222456022896759
"1935-04-01",0.0526465523651647,-0.191857832299537
"1935-05-01",-0.22742382735846,-0.0719678101615583
"1935-06-01",0.346467329488572,-0.287720397436932
"1935-07-01",0.0702854391037516,-0.702402435929652
"1935-08-01",-0.0435819127392318,-0.505572008485509
"1935-09-01",-0.131715518791607,-0.35118034990818
"1935-10-01",0.187067802391156,0.0443889004431953
"1935-11-01",0.477276083465662,0.336146436667568
"1935-12-01",0.606141211187474,0.413097985191582
"1936-01-01",0.262523073307582,0.0472969216953715
"1936-02-01",0.144752075811706,-0.117241963214433
"1936-03-01",-0.350307411736425,-0.645749364497709
"1936-04-01",-0.250653178491557,-0.595204248599748
"1936-05-01",-0.819692564070303,-0.974693145346309
"1936-06-01",-1.47724523369259,-1.97399938101931
"1936-07-01",-1.48780383227371,-1.77523532369256
"1936-08-01",-0.774863418269175,-1.07072116894335
"1936-09-01",-0.50089471877734,-0.871145873281611
"1936-10-01",-0.217666747565642,-0.394676479679514
"1936-11-01",0.248798405938686,0.123556928736106
"1936-12-01",-0.0534013519643739,-0.16915343183943
"1937-01-01",0.331912528815941,0.115792263010063
"1937-02-01",0.266922893292108,-0.00943920017629668
"1937-03-01",0.404783853902214,0.0105786782838431
"1937-04-01",0.359263548865529,0.0961790339319094
"1937-05-01",0.58251057351854,0.419680792668856
"1937-06-01",0.422800627354299,0.198938538785412
"1937-07-01",0.265054745209859,-0.0624776517851377
"1937-08-01",0.291373880274611,-0.13854643226893
"1937-09-01",0.583908537541458,0.209854295404276
"1937-10-01",0.356304102429452,0.269005540140868
"1937-11-01",0.806329827605547,0.518411531303209
"1937-12-01",0.774874464071779,0.663451717388657
"1938-01-01",0.447030710171421,0.44426994015971
"1938-02-01",0.520323475950172,0.281688778548843
"1938-03-01",0.18069832046817,-0.00683335070663059
"1938-04-01",-0.0583068666623294,-0.201308937465512
"1938-05-01",-0.393625519610498,-0.78389910115596
"1938-06-01",-0.654568101622303,-1.0294393787863
"1938-07-01",-0.155025685717046,-0.432173405761425
"1938-08-01",0.166730483431939,-0.175289576121287
"1938-09-01",-0.245699623583091,-0.307461320057277
"1938-10-01",-0.056914881213747,-0.171779968453445
"1938-11-01",-0.0580924211409624,-0.151371145254761
"1938-12-01",-0.144944510180114,-0.272646064315322
"1939-01-01",0.133731461433107,-0.199284857195404
"1939-02-01",-0.136073649694702,-0.362004322248297
"1939-03-01",-0.213319003296582,-0.36737987222153
"1939-04-01",0.0687457020905269,-0.091873078277462
"1939-05-01",0.325113392321006,-0.0161643896754936
"1939-06-01",0.571732294938606,0.486750335870958
"1939-07-01",0.225172332833953,-0.0195107668394834
"1939-08-01",0.271393477449401,-0.135358595290172
"1939-09-01",-0.687429239065929,-0.713400259092866
"1939-10-01",-1.1213220502524,-1.26816386365281
"1939-11-01",-1.06806599544665,-1.42775497545746
"1939-12-01",-0.285621289206373,-0.343675748939413
"1940-01-01",0.255867646345168,0.204145929116683
"1940-02-01",0.0737628420797226,-0.0144381005337596
"1940-03-01",0.0150987813184721,-0.0748207325671828
"1940-04-01",0.311015798894855,0.104596369226689
"1940-05-01",0.136465881366292,0.0684874705745722
"1940-06-01",0.121700877565558,-0.425901174278896
"1940-07-01",0.0802003325996551,-0.0424656878682872
"1940-08-01",0.71101711503954,0.31840965087833
"1940-09-01",0.50584554433966,0.273985154131671
"1940-10-01",0.320888067645925,-0.0973770876182638
"1940-11-01",-0.242727236508065,-0.144201843475835
"1940-12-01",-0.371589002514564,-0.159271338093749
"1941-01-01",-0.242654945045049,-0.0834647406307876
"1941-02-01",0.0619842182722837,0.0210377592621827
"1941-03-01",-0.00179576278764008,-0.00447726136745756
"1941-04-01",-0.352976493794782,-0.284347035459449
"1941-05-01",-0.200519042401038,0.0970807386078679
"1941-06-01",-0.257618558319821,0.289770325971444
"1941-07-01",0.508770388661741,0.132940642305591
"1941-08-01",0.346665382308826,0.245255590782091
"1941-09-01",-0.035618515326079,0.104663929910515
"1941-10-01",0.627450384766921,0.246452895797945
"1941-11-01",0.328831714390365,0.400375973267223
"1941-12-01",1.02340171651708,0.32648670143723
"1942-01-01",-0.145381676016624,-0.255483160412913
"1942-02-01",-0.220984896299712,-0.199309802460853
"1942-03-01",0.942304150801253,0.180414392263395
"1942-04-01",-0.206664377373589,-0.20325596789688
"1942-05-01",-0.820860251648574,-0.999962185223177
"1942-06-01",-0.535752134916714,-0.858584614587579
"1942-07-01",-0.50951491456555,-0.686522874360637
"1942-08-01",-0.058019501012582,-0.366011150791362
"1942-09-01",0.348424811639412,0.01199896867639
"1942-10-01",0.034066821590226,-0.199271515188084
"1942-11-01",-0.296721870636322,-0.635909053309843
"1942-12-01",-0.191206379691149,-0.332715427880967
"1943-01-01",0.24562945877071,0.217337965460877
"1943-02-01",-0.119218356008625,-0.16759765913248
"1943-03-01",-0.556786760722819,-0.224762012755195
"1943-04-01",-0.244695643334676,-0.306695732604701
"1943-05-01",-1.01236833080107,-0.590126106575005
"1943-06-01",0.401713975639645,-0.41552374533647
"1943-07-01",-0.496903370842878,-0.519507154564343
"1943-08-01",-0.00377138480676611,-0.14860802808176
"1943-09-01",-0.420838491246995,-0.368121009238737
"1943-10-01",0.723880931788815,-0.430246605854565
"1943-11-01",-0.354462629110605,-0.41615301678229
"1943-12-01",-0.246277643103616,-0.0675644740336343
"1944-01-01",NA,0.0435392920289424
"1944-02-01",0.564936916806092,2.06676997520937
"1944-03-01",NA,1.84584099025894
"1944-04-01",NA,0.999406392171921
"1944-05-01",NA,0.819393727747898
"1944-06-01",NA,0.912163110399346
"1944-07-01",NA,0.50706662534908
"1944-08-01",NA,0.00647359012195538
"1944-09-01",NA,0.0554966255910483
"1944-10-01",-0.469339405342999,0.236442421424425
"1944-11-01",NA,0.889796513642888
"1944-12-01",NA,0.487260106656895
"1945-01-01",0.601857316668357,0.683371435923041
"1945-02-01",1.66444468141759,0.991479201969962
"1945-03-01",NA,0.0925295105631618
"1945-04-01",0.179957209209311,0.286984203718749
"1945-05-01",0.418307254436481,0.520471855412457
"1945-06-01",0.638273139692044,0.634952030875768
"1945-07-01",NA,0.00842216097782872
"1945-08-01",NA,-0.0502363370752687
"1945-09-01",NA,0.0128697738133126
"1945-10-01",NA,0.818554893072798
"1945-11-01",0.762699731929407,0.705181030414919
"1945-12-01",0.813070950336049,0.374682156934646
"1946-01-01",0.280006541482916,0.642587088167095
"1946-02-01",1.18059131192745,0.657898120558398
"1946-03-01",0.482672470533267,0.298011458367775
"1946-04-01",-0.689023125593839,-1.02465203863162
"1946-05-01",-0.917764478179056,-1.25584809382559
"1946-06-01",-1.02638836835968,-1.41023248947605
"1946-07-01",-0.578102400301947,-1.19304974495228
"1946-08-01",-0.829846593419914,-1.24061946489393
"1946-09-01",-0.859779428206727,-1.25853705450793
"1946-10-01",-0.513864006283531,-0.99499740234309
"1946-11-01",0.0743815565445528,-0.605437410129341
"1946-12-01",0.288827131165906,-0.0382234169205313
"1947-01-01",0.0365624159738969,-0.349233916124615
"1947-02-01",-0.201591465447294,-0.372982903175095
"1947-03-01",-0.0716642817488169,-0.488876945485597
"1947-04-01",-0.299772743920386,-0.160637388881415
"1947-05-01",0.207246905367582,0.137754577701519
"1947-06-01",0.249473660710655,0.0954666152749702
"1947-07-01",0.544236608538904,0.204729844703081
"1947-08-01",0.513820454146935,0.394981027421523
"1947-09-01",0.478528702941362,0.28756469011447
"1947-10-01",0.413550175910073,0.0916474665907218
"1947-11-01",0.425333060781332,0.301426238182785
"1947-12-01",-0.606540357929778,-0.0451855307972438
"1948-01-01",0.16820145857944,-0.0426216765183917
"1948-02-01",0.0455659623945981,-0.030352411377015
"1948-03-01",-0.306710659590257,-0.321376497594229
"1948-04-01",-1.15942912605707,-0.75352804701108
"1948-05-01",-0.609693317273981,-0.99693032081799
"1948-06-01",-0.563873012901016,-1.31335865822296
"1948-07-01",-0.905482637896861,-1.05953433699273
"1948-08-01",-0.273435520651995,-0.639343580503226
"1948-09-01",-0.481708674671629,-0.695887610410162
"1948-10-01",-0.0599718159744619,-0.367363656214101
"1948-11-01",-0.224973298302622,-0.347131869126203
"1948-12-01",0.31738067568807,-0.0462346358088249
"1949-01-01",0.104117028600253,-0.224277061684456
"1949-02-01",0.0644359262517746,0.233697857928959
"1949-03-01",0.159132007501273,0.232044167817638
"1949-04-01",0.234462140783747,0.175958649539538
"1949-05-01",0.034442944252816,-0.0121431550571712
"1949-06-01",0.326067522753313,-0.213611915284883
"1949-07-01",0.197985176058569,0.255017711519171
"1949-08-01",0.633929612556465,0.359905707639504
"1949-09-01",0.451365828854976,0.34074751272249
"1949-10-01",0.472380827043586,0.0592529846344461
"1949-11-01",0.0906161943412012,-0.0491424636355114
"1949-12-01",0.233501770329773,0.113663374577992
"1950-01-01",0.282459843205551,0.357107366210255
"1950-02-01",0.0855596833156515,0.0909000469017659
"1950-03-01",0.396937363399738,0.0747158736749079
"1950-04-01",0.0577816959433986,0.051977512335889
"1950-05-01",0.417121463944082,0.379881246982694
"1950-06-01",0.0347722353407072,-0.235963291861228
"1950-07-01",-6.02511098956975e-05,-0.675834719784534
"1950-08-01",-0.220570221704132,-0.938227954283296
"1950-09-01",-0.384617704587024,-1.14055449319699
"1950-10-01",-0.712117952336671,-1.06463243340998
"1950-11-01",-0.209834579195888,-0.695253969027673
"1950-12-01",-0.654381334272041,-0.961181430914981
"1951-01-01",-0.509804867299695,-0.442899720899749
"1951-02-01",-0.141400565659312,-0.438536282387501
"1951-03-01",-0.36413746754505,-0.605725875052242
"1951-04-01",-0.440202326608933,-0.723368945557255
"1951-05-01",-0.161271252808534,-0.408180338325517
"1951-06-01",-0.182566957683378,-0.0460580763590051
"1951-07-01",0.685578634437416,0.228483177477764
"1951-08-01",0.510045987406037,0.332019715818791
"1951-09-01",0.407856279214266,0.394316027961501
"1951-10-01",0.47649935706287,0.206119284894187
"1951-11-01",0.492212843851866,0.245070159848829
"1951-12-01",0.861347673473618,0.629588017536734
"1952-01-01",0.86202468334437,0.501249873271421
"1952-02-01",0.388424730789225,0.274014998719005
"1952-03-01",0.165253455970841,0.0870792857675573
"1952-04-01",0.228473962901441,0.196502788180815
"1952-05-01",-0.0378083343268826,-0.10621178158763
"1952-06-01",0.0225640553400161,-0.496227769442329
"1952-07-01",-0.0146868884833535,-0.557055288661354
"1952-08-01",-0.0809592760977186,-0.576465014001104
"1952-09-01",-0.00127722407846369,-0.21959360500927
"1952-10-01",0.0815418780264503,-0.144396306570917
"1952-11-01",0.0873640614490832,-0.234090532968784
"1952-12-01",-0.101824225458898,-0.467507174367938
"1953-01-01",-0.12632818293099,-0.316017617273836
"1953-02-01",-0.091215809943112,-0.254762394665838
"1953-03-01",0.065504283280768,-0.099411734015038
"1953-04-01",-0.149498829001672,-0.336206275018394
"1953-05-01",-0.287136562902635,-0.250875586986989
"1953-06-01",-0.0621322148012447,-0.436375442981224
"1953-07-01",0.0634315628443757,-0.271188890389619
"1953-08-01",-0.0153428971182033,-0.270062778244297
"1953-09-01",0.0635702923807324,-0.152915434176026
"1953-10-01",0.0590594013414104,-0.220785876330163
"1953-11-01",-0.0183530031987,-0.317912711396003
"1953-12-01",-0.135569466205686,-0.337828436973078
"1954-01-01",-0.171239112857292,-0.334927374561793
"1954-02-01",-0.160172072676847,-0.263362555703867
"1954-03-01",-0.162076382625845,-0.372222461155312
"1954-04-01",-0.565494649352766,-0.672721058464024
"1954-05-01",-0.563901054800491,-1.04960800948274
"1954-06-01",-0.773741336613181,-1.3865952862614
"1954-07-01",-1.24822858606102,-1.79895743273274
"1954-08-01",-0.579503172896248,-0.840243105596627
"1954-09-01",-0.142781949298328,-0.421118592154203
"1954-10-01",0.497923428177307,0.265500226271664
"1954-11-01",0.342415957858325,0.170561760247449
"1954-12-01",0.310779633257492,0.135660546488014
"1955-01-01",0.327148539103602,-0.137673017298201
"1955-02-01",-0.206696640822092,-0.222948571805088
"1955-03-01",-0.0750293682398854,-0.318322192625061
"1955-04-01",-0.198907563506697,-0.476294530369053
"1955-05-01",-0.0406116927596458,-0.600123309090396
"1955-06-01",-0.457967903924203,-0.822578644573939
"1955-07-01",-0.458700450051816,-1.04127546235873
"1955-08-01",-0.462706886290056,-0.867714859058716
"1955-09-01",-0.0203314205937474,-0.276116436734188
"1955-10-01",0.128761613919669,-0.214242589456485
"1955-11-01",0.195075581583537,-0.01773616159022
"1955-12-01",-0.395216388237534,-0.45862682374647
"1956-01-01",-0.564396427933717,-0.528867913340225
"1956-02-01",-0.558746443211641,-0.553853966495564
"1956-03-01",-0.581162295140313,-0.541525515460602
"1956-04-01",-0.35020146872355,-0.500199102488871
"1956-05-01",-0.560196075889498,-0.658905259764896
"1956-06-01",-0.458319700726938,-1.05875552984389
"1956-07-01",-0.812796733718517,-1.26991700754146
"1956-08-01",-0.271673978733829,-0.632635820679015
"1956-09-01",-0.217771778024224,-0.404285121859845
"1956-10-01",-0.507261461266002,-0.871667759311043
"1956-11-01",-0.5470908955016,-0.778840378761363
"1956-12-01",-0.6824212654883,-1.01228481199047
"1957-01-01",-0.667094585097905,-0.836318748933461
"1957-02-01",-0.30752242401997,-0.575883014008931
"1957-03-01",-0.256168962821333,-0.497184441280507
"1957-04-01",-0.0981847313686734,-0.130204867987914
"1957-05-01",-0.185721719480336,-0.19655526736828
"1957-06-01",-0.111902227771768,-0.305409848328863
"1957-07-01",-0.113565029473766,-0.681267583957704
"1957-08-01",-0.214716875840648,-0.4426059435187
"1957-09-01",-0.477228701068633,-0.542477780631565
"1957-10-01",-0.475828572550009,-0.637925034171179
"1957-11-01",-0.327640512326501,-0.458117778017894
"1957-12-01",-0.0803538066995042,-0.19741138577722
"1958-01-01",-0.182574616032909,-0.325651181360521
"1958-02-01",0.201756989186147,-0.0101473240711959
"1958-03-01",-0.215571938372637,-0.289117689462527
"1958-04-01",-0.253845918635283,-0.424604628903426
"1958-05-01",-1.55044885957537,-1.91716477837072
"1958-06-01",-1.91174989921878,-2.30775783897813
"1958-07-01",-1.29275973484071,-1.73154528228273
"1958-08-01",-0.881436636763111,-1.40709993554426
"1958-09-01",-0.915350506621909,-1.10878086193086
"1958-10-01",-0.503138871043469,-0.807456262129398
"1958-11-01",-0.813052221308311,-0.896278001493235
"1958-12-01",-0.184367385232605,-0.318635907071461
"1959-01-01",-0.055814126772647,-0.104479277980816
"1959-02-01",0.0779280044879141,0.200554917215978
"1959-03-01",0.489267142344769,0.425137489283058
"1959-04-01",0.2757140354309,0.420170728693351
"1959-05-01",0.0852786644408306,0.150362532560715
"1959-06-01",0.177546987023405,-0.199979896804915
"1959-07-01",-0.1117402998538,-0.537579363963106
"1959-08-01",-0.371817393679434,-0.469363712630017
"1959-09-01",-0.151663649044949,-0.315201398308899
"1959-10-01",0.0973792386407624,-0.214744973825885
"1959-11-01",-0.00365841151388654,-0.208630444511409
"1959-12-01",-0.348138332985919,-0.0180440644826859
"1960-01-01",-0.0298414511736145,-0.180969113656979
"1960-02-01",-0.144521004535852,-0.241788396771717
"1960-03-01",-0.280800194595232,-0.376826390612102
"1960-04-01",-0.4272282268749,-0.239518327466754
"1960-05-01",-0.150127490489522,-0.195211141939814
"1960-06-01",-0.480048500270328,-0.560207113896522
"1960-07-01",0.0584170356794955,-0.234983859049509
"1960-08-01",0.282461605564552,-0.0297765543986716
"1960-09-01",0.0302101230277526,-0.084365624161594
"1960-10-01",0.156803890885579,0.114920382602137
"1960-11-01",0.745939501174892,0.612609500530881
"1960-12-01",0.449841718255199,0.508916103450322
"1961-01-01",0.373357732465537,0.5546504882802
"1961-02-01",0.312689060843763,0.330367826754457
"1961-03-01",0.465016494641311,0.339638566220233
"1961-04-01",0.223000535070692,0.347638202290154
"1961-05-01",0.63254428235506,0.745088105984877
"1961-06-01",0.166353738160743,-0.193446191809964
"1961-07-01",-0.263606274266984,-1.00440726665177
"1961-08-01",-0.54592694428376,-0.655108979670422
"1961-09-01",-0.195462418363471,-0.359660870378042
"1961-10-01",0.206210857561246,0.0026391133311946
"1961-11-01",0.236315251373836,0.208012835847905
"1961-12-01",0.165638850991767,0.0485521482190534
"1962-01-01",0.171166454605827,0.266455789462456
"1962-02-01",0.189278937453269,0.078374048273776
"1962-03-01",-0.177905857238759,-0.0545116501832739
"1962-04-01",-0.0243572997524592,0.0371907429384904
"1962-05-01",-0.000230519178285294,-0.0141640134163991
"1962-06-01",-0.000917789413991772,-0.250426764884017
"1962-07-01",-0.361837893488303,-0.474546163922007
"1962-08-01",-0.152399934471011,-0.323967300856604
"1962-09-01",-0.225751709548925,-0.483845736664727
"1962-10-01",0.150739911728586,0.0383812396974825
"1962-11-01",0.210936765565487,0.0810672320011806
"1962-12-01",0.217487164353245,0.149441335721865
"1963-01-01",0.296607579716815,0.25409604454268
"1963-02-01",0.270048425232308,0.245332978848796
"1963-03-01",0.30689208198968,0.350851118217718
"1963-04-01",0.21215005493852,0.366844342902394
"1963-05-01",0.528446516409274,0.717409326496709
"1963-06-01",1.09300401810428,1.05788111280161
"1963-07-01",1.24246274501984,1.16667482688273
"1963-08-01",1.37380365040139,1.15910225250781
"1963-09-01",0.910380286935759,0.783578240855153
"1963-10-01",0.754944709858899,0.621551529564172
"1963-11-01",0.752226566512787,0.543006499690832
"1963-12-01",0.706220753895481,0.671028248608773
"1964-01-01",0.8779130258584,0.808957002369952
"1964-02-01",0.341395584269457,0.285709605856821
"1964-03-01",0.389291272089322,0.425721722391099
"1964-04-01",0.147063079795743,0.00609735332297238
"1964-05-01",-0.505236209106892,-0.603237283422978
"1964-06-01",-0.574325362670657,-1.17541607251197
"1964-07-01",-0.495995339947036,-0.893072027506059
"1964-08-01",-0.644612513363483,-0.974904822927798
"1964-09-01",-1.02792869664391,-1.17239354046291
"1964-10-01",-1.31197447923324,-1.45967573256383
"1964-11-01",-1.06060729973372,-1.2713230498592
"1964-12-01",-0.989361110733395,-1.07509299789236
"1965-01-01",-0.891971423370013,-0.649296386383839
"1965-02-01",-0.46311964038102,-0.599409624891679
"1965-03-01",0.0789195812961561,-0.0156481603348079
"1965-04-01",-0.148696367110723,-0.0852033804626379
"1965-05-01",-0.195041566922101,-0.273649180488522
"1965-06-01",-0.433333770021549,-0.915800128926808
"1965-07-01",-0.77751451752066,-1.30117641883
"1965-08-01",-0.639232103530355,-0.823772021955647
"1965-09-01",-0.240325540941205,-0.382687277813909
"1965-10-01",-0.606083816857516,-0.767340350883045
"1965-11-01",-0.472546802436034,-0.836569645259535
"1965-12-01",-0.661613821878618,-0.703948703144453
"1966-01-01",-0.0320599383864499,-0.156725511381146
"1966-02-01",-0.207897374314696,-0.205428892156581
"1966-03-01",-0.285291070549092,-0.274046146976949
"1966-04-01",-0.141781779243922,-0.0180990398709689
"1966-05-01",0.174339099130123,0.293723714987101
"1966-06-01",0.650877536838263,0.78148368754273
"1966-07-01",0.501299947865017,0.231288286937655
"1966-08-01",-0.234013658537752,-0.529774157365695
"1966-09-01",-0.0919167449710094,-0.458766797940769
"1966-10-01",-0.0248768913599506,-0.23901859942262
"1966-11-01",0.312679239680216,0.0857458231247415
"1966-12-01",0.634877208832449,0.487150023714987
"1967-01-01",0.252762011783595,0.313740657492147
"1967-02-01",0.398154615949466,0.408578015717189
"1967-03-01",-0.077361968210768,-0.254704103526853
"1967-04-01",0.12901551140637,0.192646803608235
"1967-05-01",-0.113799638907757,-0.212846823431315
"1967-06-01",-0.670597299896849,-1.32931892369284
"1967-07-01",-0.946445495214735,-1.51711972305399
"1967-08-01",-0.754287580587998,-0.887509080557388
"1967-09-01",-0.746210362402894,-0.873376813554747
"1967-10-01",-0.767672989391921,-1.08944408340314
"1967-11-01",-0.809174873720789,-0.939347727774008
"1967-12-01",-0.677850617846599,-0.761858329348989
"1968-01-01",-0.45479235972914,-0.470644273997684
"1968-02-01",-0.566658183525019,-0.468509203768457
"1968-03-01",-0.398770721363422,-0.414570460960048
"1968-04-01",-0.239458850496565,-0.228806668870254
"1968-05-01",0.145081514045131,0.244214621805973
"1968-06-01",0.905133786863717,0.851763246071097
"1968-07-01",1.24024467573119,0.960293871446215
"1968-08-01",0.489489322021387,0.195316043279212
"1968-09-01",0.252009269942774,0.061380044667261
"1968-10-01",0.35371085448447,0.276968310938293
"1968-11-01",0.400562347613821,0.341238899223989
"1968-12-01",0.319251239514482,0.199916287981231
"1969-01-01",0.272114492796323,0.178939822745595
"1969-02-01",0.381296952584839,0.279001972681684
"1969-03-01",0.359894341841138,0.253146581915709
"1969-04-01",0.189158539935696,0.265398918912295
"1969-05-01",0.0823403646487715,0.0139905222360482
"1969-06-01",-0.419848132938467,-0.733800274082813
"1969-07-01",-0.756896225034991,-1.20741489918015
"1969-08-01",-0.652489316896399,-0.983452650711491
"1969-09-01",-0.738803490971266,-0.930153980969473
"1969-10-01",-0.488054860209278,-0.606711313590342
"1969-11-01",-0.455277927005838,-0.602754737172704
"1969-12-01",-0.189855583993885,-0.270683053739958
"1970-01-01",-0.249422549501356,-0.235712292004136
"1970-02-01",-0.166743956394657,-0.0564016221462416
"1970-03-01",-0.0639500640165518,0.0222207890577431
"1970-04-01",-0.0741780053672078,-0.157387321553634
"1970-05-01",-0.166838746606035,-0.146114763793103
"1970-06-01",-0.526209783174607,-0.798550841316674
"1970-07-01",-0.396461247714372,-0.588199546404849
"1970-08-01",-0.13434757642406,-0.141605360360049
"1970-09-01",-0.108716834439002,-0.23771163278787
"1970-10-01",-0.21836806962482,-0.347047843990934
"1970-11-01",-0.121121689448018,-0.170630173368185
"1970-12-01",-0.322408448207665,-0.514005487914688
"1971-01-01",-0.230090777859155,-0.307781126360611
"1971-02-01",-0.423903031419067,-0.389826613811808
"1971-03-01",-0.146578880982826,-0.135072165871676
"1971-04-01",0.0496377419850632,0.136637489068723
"1971-05-01",0.375646257202362,0.51112715543685
"1971-06-01",0.203590971972691,-0.0756005804651529
"1971-07-01",-0.308197620479154,-0.807945595547575
"1971-08-01",-0.430344036269835,-0.779802960438572
"1971-09-01",-0.389184153078715,-0.578269934145819
"1971-10-01",-0.428638168469166,-0.484131914458777
"1971-11-01",-0.817871100538245,-0.993498559544379
"1971-12-01",-0.829381170968344,-0.888208440357092
"1972-01-01",-0.461895025885268,-0.45893778347992
"1972-02-01",-0.307277219187072,-0.183333740305587
"1972-03-01",-0.44150619252869,-0.424503303178279
"1972-04-01",-0.272208263559348,-0.203600613220053
"1972-05-01",-0.335535087440236,-0.159998941911439
"1972-06-01",-0.15931216664979,-0.252046618406398
"1972-07-01",-0.0104922955593021,-0.327620403597922
"1972-08-01",-0.330764035256792,-0.64264050890094
"1972-09-01",-0.296936090940139,-0.441122032213643
"1972-10-01",0.10016261783397,-0.111448559646349
"1972-11-01",0.402061542747004,0.309448968996295
"1972-12-01",0.654635613647231,0.67139858101997
"1973-01-01",0.740980246256046,0.736106389178148
"1973-02-01",0.81212814227049,0.827126350016257
"1973-03-01",0.466609253292601,0.424938708499349
"1973-04-01",0.533970624387804,0.61484828186815
"1973-05-01",0.606803605239194,0.580868504156664
"1973-06-01",0.086977556052674,-0.0431549434552095
"1973-07-01",0.14882012082059,-0.053631378395857
"1973-08-01",0.547984503733791,0.50389501597721
"1973-09-01",0.413228718999338,0.485295393338922
"1973-10-01",0.402431875562046,0.319184684030948
"1973-11-01",0.381387457978843,0.165319638836427
"1973-12-01",0.164978348677736,0.149209795118225
"1974-01-01",0.217908062540688,0.213544695363815
"1974-02-01",0.101592141313299,0.0486572358065638
"1974-03-01",0.123422476787537,0.302419240610634
"1974-04-01",0.0405334395584588,0.395028041695089
"1974-05-01",0.324850122474532,0.603994675420825
"1974-06-01",0.652037217647306,0.588558093117048
"1974-07-01",0.486144624705837,0.274870094324333
"1974-08-01",0.202209476159235,0.0775245817736918
"1974-09-01",-0.25280641787277,-0.353793012730043
"1974-10-01",-0.381978370760715,-0.504126618850467
"1974-11-01",-0.260186434977313,-0.369087854714107
"1974-12-01",-0.293029029710938,-0.522047065310372
"1975-01-01",-0.266445895091871,-0.318877663731745
"1975-02-01",-0.271540996535166,-0.133175668238942
"1975-03-01",-0.216915295356057,-0.135422473431186
"1975-04-01",-0.148071066653752,-0.0043798769217968
"1975-05-01",0.0556154064294211,0.172474159102793
"1975-06-01",0.154433576853509,0.0261145039599145
"1975-07-01",-0.185597935041233,-0.285513592954765
"1975-08-01",-0.40198811917088,-0.670996239082953
"1975-09-01",-0.423288372198531,-0.385208648584881
"1975-10-01",-0.287184025214833,-0.262282391180137
"1975-11-01",0.0283850536171413,-0.100822480018304
"1975-12-01",-0.115203392128549,-0.161969162816697
"1976-01-01",-0.168140570758179,-0.0654146286454198
"1976-02-01",-0.390071423865637,-0.285106340564943
"1976-03-01",-0.421366281817865,-0.314652126989088
"1976-04-01",-0.750507026432815,-0.687257393989454
"1976-05-01",-0.789099209935006,-0.748000900972567
"1976-06-01",-0.833858102097976,-0.995671763081668
"1976-07-01",-0.965247715147382,-1.36220577374282
"1976-08-01",-0.814556479106504,-0.782913909534319
"1976-09-01",-0.634355020691701,-0.775620381177801
"1976-10-01",-0.747229262017343,-0.692561217491332
"1976-11-01",-0.849948518572706,-0.908427363222146
"1976-12-01",-0.473361557428736,-0.581364888865593
"1977-01-01",-0.490430867830954,-0.492730699664084
"1977-02-01",-0.292928997644663,-0.207504693033942
"1977-03-01",-0.259151561881379,-0.371300981375503
"1977-04-01",-0.164473397544783,-0.195931909400409
"1977-05-01",-0.410474371371428,-0.384201459757077
"1977-06-01",-0.312660870351041,-0.473197261270307
"1977-07-01",-0.575694981986768,-0.697756873828735
"1977-08-01",-0.24243207788341,-0.336709204376769
"1977-09-01",0.0849860807756135,0.0983814785055341
"1977-10-01",-0.165409528572906,-0.276047977611597
"1977-11-01",0.151776827469553,-0.0639331126690317
"1977-12-01",0.0847259495169354,-0.00566982115518806
"1978-01-01",-0.309031356454566,-0.132225347754044
"1978-02-01",-0.597099364094132,-0.473213675830251
"1978-03-01",-0.601414409441245,-0.745092434120607
"1978-04-01",-0.630033947646405,-0.544726856458166
"1978-05-01",-0.814189391486548,-0.712292518830233
"1978-06-01",-0.69535063241452,-0.829705833690917
"1978-07-01",-0.25370738030935,-0.633753345883473
"1978-08-01",-0.564753531773833,-0.706591240902932
"1978-09-01",-0.515985270178867,-0.624421306029118
"1978-10-01",-0.507542062097393,-0.494419346273822
"1978-11-01",-0.362048399062847,-0.40615817274455
"1978-12-01",-0.260531652773067,-0.15165321439154
"1979-01-01",-0.189122075061239,-0.0502087830056174
"1979-02-01",-0.201354698183626,-0.195117085149563
"1979-03-01",-0.214371493095822,-0.170312189161022
"1979-04-01",-0.0410139795403759,0.022218149258016
"1979-05-01",-0.123739511916202,-0.0515774503347509
"1979-06-01",-0.126997009715064,0.0404131187219462
"1979-07-01",0.236398182017023,0.15361404347468
"1979-08-01",0.460486952560163,0.318540772610623
"1979-09-01",0.192191012569461,0.257337089706957
"1979-10-01",0.127385931411805,0.130842881022967
"1979-11-01",0.441584602232981,0.457098663494614
"1979-12-01",0.246525890865728,0.255418079650411
"1980-01-01",0.0649056492438718,0.0271304420135717
"1980-02-01",-0.262917865850984,-0.154297633370097
"1980-03-01",-0.485290417858313,-0.35963261449021
"1980-04-01",-0.0230359444364935,0.0822615375233416
"1980-05-01",-0.27047781079474,0.0514792568384393
"1980-06-01",-0.510576986818863,-0.447798318742224
"1980-07-01",-0.0904338818733323,-0.117516056279093
"1980-08-01",-0.159839224923041,-0.330899412280089
"1980-09-01",0.122233450897336,0.0215255359317144
"1980-10-01",-0.245258860655564,-0.361107753465888
"1980-11-01",-0.128080849265736,-0.116410971115129
"1980-12-01",-0.498776073563691,-0.5661751178958
"1981-01-01",-0.296319864962785,-0.324174917935729
"1981-02-01",-0.330076809045943,-0.126866168198174
"1981-03-01",-0.403428833468579,-0.454387766114121
"1981-04-01",-0.357446880005098,-0.310404285544312
"1981-05-01",-0.175627664783421,-0.0866605395511698
"1981-06-01",-0.0325266385649244,-0.0335920342924904
"1981-07-01",-0.179854326367839,-0.156864138171826
"1981-08-01",0.147700347764783,0.237368665309506
"1981-09-01",0.304147746789308,0.422788817105569
"1981-10-01",0.723757622860362,0.77441215892523
"1981-11-01",0.523413471151763,0.682492632834884
"1981-12-01",0.518600639848246,0.62663541445712
"1982-01-01",0.532979145157866,0.508266838394162
"1982-02-01",0.408656788157654,0.458712624990549
"1982-03-01",0.344876846174679,0.438017233136278
"1982-04-01",-0.0489435002428696,0.0247232521751055
"1982-05-01",-0.267057660594355,-0.120168241914168
"1982-06-01",-0.586950988726889,-0.62313234483878
"1982-07-01",-0.763057403899938,-1.0188304810231
"1982-08-01",-0.698661894745426,-0.838969081570789
"1982-09-01",-0.28782063616789,-0.444065363485134
"1982-10-01",-0.239997195224691,-0.193486440939955
"1982-11-01",-0.487851555387816,-0.516683681106884
"1982-12-01",-0.430087478286955,-0.529559612890708
"1983-01-01",0.182467640618657,0.135284000007917
"1983-02-01",0.181586825968586,0.21811530136208
"1983-03-01",0.0616325643336929,0.123865998116834
"1983-04-01",-0.247215980047678,-0.20992089379629
"1983-05-01",-0.722731184060821,-0.771945589041784
"1983-06-01",-0.813101245956267,-0.893219295554436
"1983-07-01",-0.638258363622743,-0.591696622791952
"1983-08-01",-0.193366705672455,-0.265309313976895
"1983-09-01",-0.14976208419962,-0.194420697227204
"1983-10-01",-0.124915355314045,-0.336402217729745
"1983-11-01",0.0581674552939413,0.0129599164003867
"1983-12-01",0.0178531217938936,-0.0303163147523172
"1984-01-01",0.206458778285311,0.135399794439854
"1984-02-01",0.363698263366871,0.481973018111061
"1984-03-01",0.618856613830896,0.70576987486253
"1984-04-01",0.267286514730271,0.251017629927153
"1984-05-01",0.220217545013554,0.247925332502147
"1984-06-01",0.27481838615564,0.296025719699017
"1984-07-01",0.319238843863769,0.234805888340982
"1984-08-01",0.692792739535364,0.719788524119457
"1984-09-01",0.808960925095954,0.916510491802171
"1984-10-01",0.414004458595464,0.387236799086593
"1984-11-01",0.521004221635927,0.513145242095567
"1984-12-01",0.630831240502794,0.379260313332982
"1985-01-01",0.304053257699234,0.176706236647803
"1985-02-01",0.230820842225034,0.336853058735994
"1985-03-01",-0.149110524517709,-0.0607412903293502
"1985-04-01",0.0520150752391352,0.128768635508926
"1985-05-01",-0.00441469028425933,0.236532599937119
"1985-06-01",-0.285230290830541,-0.292616400010647
"1985-07-01",0.150088244497495,0.0892673879329818
"1985-08-01",0.18853273978872,-0.00797950480950656
"1985-09-01",-0.233681846851344,-0.0767096123937052
"1985-10-01",0.152736455264799,0.285690339102022
"1985-11-01",0.227560316520942,0.179343876805868
"1985-12-01",0.11202994923207,0.249712310522256
"1986-01-01",-0.183654343301505,-0.13486694954925
"1986-02-01",-0.0826484678344817,0.0143736210376321
"1986-03-01",0.130646843011908,0.113416832862748
"1986-04-01",0.256838489557076,0.2956575077154
"1986-05-01",0.0835268287813714,-0.125446908747181
"1986-06-01",0.387880042677647,0.330899449761282
"1986-07-01",-0.229542335030574,-0.298169213018178
"1986-08-01",-0.248808963326874,-0.221924136424119
"1986-09-01",0.269838134827936,0.133636862911786
"1986-10-01",-0.268997941740118,-0.387367471176586
"1986-11-01",-0.651107766895075,-0.746761485275872
"1986-12-01",-0.309190736425731,-0.222783729303275
"1987-01-01",-0.509643690213384,-0.269384964991054
"1987-02-01",-0.146323158860471,0.0475223852179108
"1987-03-01",0.128902273548888,0.24494033327491
"1987-04-01",0.168201240616207,0.254829372411046
"1987-05-01",0.136299897048692,0.125821960101897
"1987-06-01",0.115640884178077,0.383359446679441
"1987-07-01",0.905861279721084,0.977564486321257
"1987-08-01",0.756868141305232,0.735671529437997
"1987-09-01",0.530345866767645,0.741739397862636
"1987-10-01",0.481306023442317,0.314913494519068
"1987-11-01",0.645870942298782,0.664228851810994
"1987-12-01",0.431138950816029,0.459755742764188
"1988-01-01",0.418787322151852,0.541276214058145
"1988-02-01",0.407956730954482,0.417222794579871
"1988-03-01",0.512480777148936,0.716958310498535
"1988-04-01",0.451549544807883,0.81915891636601
"1988-05-01",0.698581638485785,0.997964579948914
"1988-06-01",0.684990218979399,0.781853417509216
"1988-07-01",0.86933723023652,1.08045165650945
"1988-08-01",0.63932747506507,0.908389185162143
"1988-09-01",0.388259597505333,0.37126872332625
"1988-10-01",0.436110585299566,0.476376709063905
"1988-11-01",0.142784965421658,0.175455864062446
"1988-12-01",0.0711800119795939,0.238457925075233
"1989-01-01",-0.048267181860385,0.0229706817475822
"1989-02-01",0.135233941341165,0.0317112052599328
"1989-03-01",-0.2548196467383,-0.424770231425418
"1989-04-01",0.281586472993292,0.119678584011538
"1989-05-01",0.203923978876683,0.207643995898332
"1989-06-01",0.340287682931818,0.315949089682441
"1989-07-01",0.32313890029452,0.216352771920379
"1989-08-01",0.498896083351429,0.478013125193724
"1989-09-01",0.309393999158345,0.50614134026308
"1989-10-01",0.368958814227294,0.406424460540752
"1989-11-01",0.0743210101166013,0.162206958097108
"1989-12-01",-0.301789555080969,-0.305486413726555
"1990-01-01",-0.394734904916696,-0.246922816104367
"1990-02-01",-0.30505765627266,-0.107069633168862
"1990-03-01",0.060622425142204,0.0895946376657096
"1990-04-01",-0.0444507901935443,0.164901932358144
"1990-05-01",-0.452320694510725,-0.348199950222772
"1990-06-01",-0.00315291611544963,-0.0380413892433544
"1990-07-01",-0.425813503135461,-0.450530606709029
"1990-08-01",-0.0563710387768943,-0.32800728890339
"1990-09-01",0.112837121963962,0.0535167976376619
"1990-10-01",0.384578773836824,0.420387893091097
"1990-11-01",0.283989664983217,0.0211656619952908
"1990-12-01",0.472485351627686,0.164253030909746
"1991-01-01",0.194737787448923,0.266164809498846
"1991-02-01",-0.019931318791757,-0.147547815715788
"1991-03-01",0.180480074165876,0.23579300183548
"1991-04-01",0.150305510321968,0.263615937382823
"1991-05-01",0.125270918284463,0.329879916295129
"1991-06-01",0.497610593304328,0.878001742604231
"1991-07-01",0.627477892789048,0.298146682727317
"1991-08-01",0.110869773732714,-0.140151360763812
"1991-09-01",-0.0826677110918201,-0.371384372507758
"1991-10-01",-0.336565274226124,-0.330405763862821
"1991-11-01",-0.731341947014583,-0.688508612452041
"1991-12-01",-0.610445917653888,-0.64460603349758
"1992-01-01",-0.226751527297638,-0.254142126541209
"1992-02-01",-0.211756942101156,-0.116954740917349
"1992-03-01",-0.126330974143011,0.06016797933052
"1992-04-01",-0.506938651844054,-0.407124760554182
"1992-05-01",-1.05894851623852,-1.0182867658914
"1992-06-01",-0.905796229868002,-1.10679345674711
"1992-07-01",-0.763985650426046,-0.877948271193692
"1992-08-01",-0.530405262186922,-0.708328612630447
"1992-09-01",-0.319525213615665,-0.500829351795023
"1992-10-01",-0.110564125977972,-0.329272999196148
"1992-11-01",-0.4716964317776,-0.513876006455176
"1992-12-01",-0.0720578557877973,-0.159296978010321
"1993-01-01",-0.260646210746912,-0.083000495284959
"1993-02-01",-0.535882326849731,-0.356872133712315
"1993-03-01",-0.573845354559599,-0.487838660791542
"1993-04-01",0.0806577252134996,0.186563691449646
"1993-05-01",-0.184897615147019,-0.0944536639154846
"1993-06-01",-0.318438399338641,-0.265057693633466
"1993-07-01",-0.122567480527202,-0.380970218215374
"1993-08-01",-0.31116682440302,-0.494670846807457
"1993-09-01",0.7338498433216,0.50613769532682
"1993-10-01",0.860173736014776,0.595595039133275
"1993-11-01",0.906889727991052,1.02731328334153
"1993-12-01",0.680939775106069,0.748571088086192
"1994-01-01",0.426659941414386,0.43455143975417
"1994-02-01",0.0113737558041812,-0.0832891534917931
"1994-03-01",0.133037608458072,0.090652022042456
"1994-04-01",0.393275447085521,0.465502295559596
"1994-05-01",0.312311850791579,0.088203184396545
"1994-06-01",0.0545851333940298,-0.40675573761805
"1994-07-01",-0.418930136955933,-0.94341903430907
"1994-08-01",-0.034968054734045,-0.173147204704032
"1994-09-01",-0.452185506595385,-0.507563644505511
"1994-10-01",-0.0968790666906088,-0.0950843368822757
"1994-11-01",0.261012026566272,0.312310068646153
"1994-12-01",0.566100461019712,0.374268897202276
"1995-01-01",0.437856344165223,0.345130013815871
"1995-02-01",0.351840310166391,0.290369682051313
"1995-03-01",0.669488126557749,0.627098989285638
"1995-04-01",0.508240656640949,0.475504600240137
"1995-05-01",0.642977295556433,0.706967931905729
"1995-06-01",0.697787813023381,0.535354750610381
"1995-07-01",0.850732988327277,0.36491439299799
"1995-08-01",0.376457051671036,0.121636013942668
"1995-09-01",-0.0288677670567115,-0.00230145319960475
"1995-10-01",0.277820106242872,-0.252942106616286
"1995-11-01",0.513065557940888,0.257178385906279
"1995-12-01",-0.279449788055681,-0.0872263705327982
"1996-01-01",-0.0542331073461193,-0.00972654909345861
"1996-02-01",0.0354370384899866,-0.0908881165211941
"1996-03-01",0.243365259446783,0.216979804437406
"1996-04-01",0.525973398752012,0.475369746535785
"1996-05-01",0.709497699502348,0.712945726841111
"1996-06-01",0.998724727398476,0.962323054333835
"1996-07-01",0.855818356444326,0.333536223562217
"1996-08-01",0.309824012765085,0.0643138249925916
"1996-09-01",-0.035451838052308,-0.392692433626728
"1996-10-01",-0.106977882717608,-0.275230372375477
"1996-11-01",-0.27810198302196,-0.42084865700495
"1996-12-01",-0.405473173233234,-0.533185384785614
"1997-01-01",-0.386025322252512,-0.517167391953537
"1997-02-01",-0.46489871760166,-0.567634017830538
"1997-03-01",-0.207090319137978,-0.567275308267936
"1997-04-01",-0.812013673554997,-0.663802704501019
"1997-05-01",-0.551333577985699,-0.456491727351009
"1997-06-01",-0.957473196944991,-1.24252036777233
"1997-07-01",-0.598484629038785,-0.622254460354449
"1997-08-01",0.110470546471889,-0.22184284176923
"1997-09-01",-0.0565515226982363,-0.246010498341981
"1997-10-01",0.663769099418967,0.378713677996349
"1997-11-01",0.279483418275796,0.327567077090339
"1997-12-01",1.15104672502662,0.703932531967778
"1998-01-01",0.62077116305819,0.868970067477734
"1998-02-01",0.920274783899653,0.820200282285256
"1998-03-01",0.723057082793124,0.501594363293884
"1998-04-01",0.661051985206791,0.204886741786059
"1998-05-01",0.304600965200336,0.0497959267281344
"1998-06-01",0.557658537927249,0.516190106094295
"1998-07-01",0.419332426376551,0.278898114585654
"1998-08-01",0.40328647778608,0.423176462939064
"1998-09-01",0.569636446071669,0.434126722785824
"1998-10-01",0.28055299040758,0.367403512688645
"1998-11-01",0.849513501230295,0.720359812640967
"1998-12-01",0.548560163431699,0.366150584966295
"1999-01-01",-0.124442073841171,0.179053598566606
"1999-02-01",-0.423968034183908,0.0383700369443771
"1999-03-01",0.129953241326156,0.356863550807142
"1999-04-01",0.298267017451759,0.431075540162892
"1999-05-01",0.672579205530912,0.729940729593837
"1999-06-01",0.525404961145873,0.158439037393982
"1999-07-01",0.981071880888751,0.834595522533759
"1999-08-01",0.200602716078107,0.433243862748138
"1999-09-01",-0.0477871152193672,-0.113955979066813
"1999-10-01",0.0452703083690276,-0.0858908901711904
"1999-11-01",0.0456076029084997,-0.12759748275301
"1999-12-01",0.785938110014411,0.347742100270343
"2000-01-01",0.0573316615017894,0.0587915730728208
"2000-02-01",0.335886310657284,0.211655282729913
"2000-03-01",0.220327995453854,0.233575492599315
"2000-04-01",-0.171427627146041,-0.00201789889048427
"2000-05-01",0.246478316238878,0.0699075291550607
"2000-06-01",-0.176055304277135,-0.653884019436671
"2000-07-01",-0.613720347888641,-0.74331854875247
"2000-08-01",-0.109766036052342,-0.569358559503073
"2000-09-01",-0.366479730695965,-0.437978906882954
"2000-10-01",-0.114477144628166,-0.41083747773152
"2000-11-01",-0.310036341076532,-0.431521205856965
"2000-12-01",-0.238557504077894,-0.1277878017884
"2001-01-01",-0.0207823332325727,-0.0865443602062306
"2001-02-01",0.0759406871118459,-0.0209550011351637
"2001-03-01",0.218083151339878,0.388790276745328
"2001-04-01",0.0318467739424572,0.368967080233495
"2001-05-01",0.406949370063574,0.170872169068255
"2001-06-01",0.0331632659241887,-0.196056300076046
"2001-07-01",-0.223199292920498,-0.50370325587916
"2001-08-01",-0.247286427081684,-0.286983973578612
"2001-09-01",-0.0454248760431495,-0.00879937325048931
"2001-10-01",0.339013450340373,0.124346515013473
"2001-11-01",-0.46202527257701,-0.533535202832704
"2001-12-01",-0.483133497400179,-0.860393759564573
"2002-01-01",-0.295098505450838,-0.489158411495343
"2002-02-01",-0.218357530512732,-0.200586215084808
"2002-03-01",0.0227289192274375,-0.104079658866022
"2002-04-01",-0.167158732343968,0.0827484389968031
"2002-05-01",0.227621572626982,0.0492257710071096
"2002-06-01",0.258484299163549,0.105852058147465
"2002-07-01",0.290261746416762,-0.113536976015547
"2002-08-01",0.486048001711055,0.0180795969011013
"2002-09-01",-0.171138923901268,-0.217468287705953
"2002-10-01",0.246509845588108,-0.13178564527107
"2002-11-01",-0.00898286064411512,0.0031142901007232
"2002-12-01",0.794470357384171,0.443094695361233
"2003-01-01",0.402311911477919,0.410708114513292
"2003-02-01",0.293444101587192,0.462445653186501
"2003-03-01",0.621123825704542,0.655079289503769
"2003-04-01",-0.115243286177414,0.18695611680972
"2003-05-01",-0.442909029480664,-0.306294200708935
"2003-06-01",-0.331735526692367,-0.294917346386432
"2003-07-01",0.584963029236272,0.271537926201607
"2003-08-01",0.557560209280037,0.361032893969484
"2003-09-01",0.394313487528834,0.373810470094292
"2003-10-01",0.480672653656864,0.157346884181584
"2003-11-01",0.761545789953961,0.356859844557116
"2003-12-01",0.789101529224037,0.650899496878399
"2004-01-01",0.777302020052529,0.672806296377681
"2004-02-01",0.30079242450607,0.344880353048029
"2004-03-01",0.0749334150544749,0.146777484818372
"2004-04-01",-0.620453567993022,-0.512600261900518
"2004-05-01",-0.609670769654209,-0.508891151591939
"2004-06-01",-0.861677962250763,-0.636935577587939
"2004-07-01",-0.674807261340517,-0.464559299402622
"2004-08-01",0.0673406346414428,-0.0373179080813844
"2004-09-01",0.695262986575962,0.239604793819846
"2004-10-01",0.0734096153007607,-0.0600645384477304
"2004-11-01",0.338775989189148,0.254642493254729
"2004-12-01",-0.280768335187946,0.203063045005858
"2005-01-01",0.252885686706553,0.363624494866771
"2005-02-01",-0.408360833175748,0.308538608399863
"2005-03-01",-0.0885949332588798,0.282722354121351
"2005-04-01",-0.297672479380404,-0.112554109083272
"2005-05-01",-0.83744498437681,-1.01124387543587
"2005-06-01",-0.960844286906744,-1.56125377760166
"2005-07-01",-0.611511276189821,-1.13847302312496
"2005-08-01",-0.104025793856895,-0.36040945441322
"2005-09-01",0.0121575854154581,-0.0673720378834126
"2005-10-01",0.356871864013699,0.24930983769921
"2005-11-01",0.107961731301089,0.143054713991636
"2005-12-01",-0.00210539292070284,0.169633235357907
"2006-01-01",-0.00625689762157674,0.227387112290966
"2006-02-01",-0.0266204907385114,0.344711169967552
"2006-03-01",-0.332882781829071,0.122910537499972
"2006-04-01",-0.0700160192356306,0.0548358496494451
"2006-05-01",0.15351546805754,0.106403957074318
"2006-06-01",0.364422967499692,0.0379168403403635
"2006-07-01",0.149418700520817,-0.194485360379443
"2006-08-01",0.1162180301189,-0.399202401269044
"2006-09-01",0.191701459707242,-0.0409137420958246
"2006-10-01",0.0634193311415669,-0.0651774571437028
"2006-11-01",0.20408859931251,0.140412360575684
"2006-12-01",0.298104099930452,0.211995160891092
"2007-01-01",0.367760894312495,0.115207977524765
"2007-02-01",0.333647213000331,0.0807225690867085
"2007-03-01",0.0217355804711308,-0.223833077740858
"2007-04-01",-0.23175913106684,-0.184138225609924
"2007-05-01",0.0304141913348088,0.13947869565364
"2007-06-01",0.438307279988152,0.06816447693597
"2007-07-01",0.158817655886776,0.0108381184980627
"2007-08-01",0.556220533671596,-0.0608249408200437
"2007-09-01",0.496245196502936,0.413633918999181
"2007-10-01",0.0525385068482552,0.177661922900521
"2007-11-01",0.244373765338168,0.102543923763695
"2007-12-01",0.309017829481953,0.280602180768804
"2008-01-01",0.714935888218236,0.372692673712697
"2008-02-01",0.523859662616281,0.321109145856268
"2008-03-01",0.530309369598274,0.486845660698493
"2008-04-01",0.159212527967055,0.314876549133201
"2008-05-01",0.22119867819289,0.244827705226312
"2008-06-01",0.327456698212188,0.414299327260636
"2008-07-01",0.480393622121725,0.135103014282588
"2008-08-01",0.576863269253327,0.460449542408868
"2008-09-01",0.134743086022213,0.190866764294258
"2008-10-01",0.380859179971055,0.0657565737931362
"2008-11-01",0.452545494092294,0.420157820766433
"2008-12-01",0.490656560281525,0.517715454357958
"2009-01-01",0.39910793318215,0.445905243044751
"2009-02-01",0.164302900184451,0.299859647292791
"2009-03-01",0.318208577103348,0.605262416743384
"2009-04-01",0.208355518723988,0.332511039262628
"2009-05-01",0.630511407222488,0.656728793265632
"2009-06-01",0.0706324038911127,-0.464629564901729
"2009-07-01",-0.244568157847152,-0.798238933162479
"2009-08-01",-0.0827842958386776,-0.738271802839915
"2009-09-01",-0.38291580125394,-0.487344324645203
"2009-10-01",-0.149189061312619,-0.405082572408813
"2009-11-01",-0.131203145272935,-0.388475117047351
"2009-12-01",0.22985674468986,0.0457618877908948
"2010-01-01",0.441179830769816,0.243655716683673
"2010-02-01",0.510477799698012,0.433986195725704
"2010-03-01",0.290684966026654,0.367116148076205
"2010-04-01",0.484834405412315,0.349566428537948
"2010-05-01",0.255798142211116,0.298372466623865
"2010-06-01",0.333505993912781,0.365368840405243
"2010-07-01",0.0109487294216153,-0.163203417533849
"2010-08-01",0.422546108523262,0.149057263497907
"2010-09-01",0.295386724741466,0.356770086583795
"2010-10-01",0.681102357052678,0.594033887520446
"2010-11-01",0.609831018659583,0.613010067451217
"2010-12-01",0.20262525200354,0.377743119904955
"2011-01-01",0.212996451774769,0.39486493261533
"2011-02-01",0.570166613875467,0.468446578004891
"2011-03-01",0.236822430303938,0.365194972607609
"2011-04-01",0.53570051904595,0.433978595962701
"2011-05-01",-0.0918329645468619,-0.179322502618784
"2011-06-01",-0.377826268667318,-0.970814991788364
"2011-07-01",-0.490465981480945,-0.852204672967551
"2011-08-01",-0.0899537448552096,-0.294613795472073
"2011-09-01",0.148401408166724,-0.0708795914992185
"2011-10-01",0.164535119594298,0.143846507217605
"2011-11-01",-0.19593969291763,-0.0725304921211629
"2011-12-01",-0.802567924351933,-0.64452058663807
"2012-01-01",-0.255834413321728,-0.557975535998417
"2012-02-01",-1.26022672419311,-0.625698194665365
"2012-03-01",-0.508118601497001,-0.415368828348364
"2012-04-01",-0.796616687467846,-0.58547456366463
"2012-05-01",-0.768886526837248,-0.655796005395037
"2012-06-01",-0.503240923098451,-0.709534094964458
"2012-07-01",-0.358883560218596,-0.665381073425834
"2012-08-01",0.153420740792987,-0.442638923747729
"2012-09-01",-0.102073959701486,-0.308485941337516
"2012-10-01",0.237462774152765,-0.0269888807121211
"2012-11-01",-0.336087384332052,-0.093111723369864
"2012-12-01",0.017730082916446,-0.0167142866686244
"2013-01-01",0.390838401070921,0.484513239721465
"2013-02-01",0.120493755425164,0.499127149423387
"2013-03-01",0.255493833677941,0.377756673609448
"2013-04-01",-0.0634626505687929,0.146983687744096
"2013-05-01",-0.367390622297799,-0.523826894171248
"2013-06-01",-0.292308051181903,-0.390252997687666
"2013-07-01",-0.191115688178761,-0.797323456186693
"2013-08-01",-0.0754669831816588,-0.507576925944809
"2013-09-01",-0.334839145840048,-0.596440196808269
"2013-10-01",-0.336121379317828,-0.383507874348952
"2013-11-01",-0.379611873296781,-0.382972442291299
"2013-12-01",-0.111885546380876,-0.392377270034902
"2014-01-01",-0.0973027962926192,-0.170947411367462
"2014-02-01",-0.0537864562375273,-0.0832045555450171
"2014-03-01",-0.432260341488424,-0.00630750689450047
"2014-04-01",-0.0264825200250141,0.16074533635642
"2014-05-01",-0.0873498845865122,0.235442694194787
"2014-06-01",-0.196338176805269,-0.343907953298428
"2014-07-01",-0.216711924948961,-0.878411852426307
"2014-08-01",-0.140505469880916,-0.536339106293396
"2014-09-01",-0.166842456898116,-0.334784286701143
"2014-10-01",0.0668651983534282,-0.116082653841502
"2014-11-01",-0.891935027102982,-0.791783184497661
"2014-12-01",-0.248881103035366,-0.515909772906393
"2015-01-01",-0.250219233565834,0.0454079956467451
"2015-02-01",-0.551240952889118,0.0560735073319762
"2015-03-01",-0.171661758966087,0.109935899940715
"2015-04-01",0.0156506641863031,0.24866345003476
"2015-05-01",0.110438047389716,0.10570586259956
"2015-06-01",-0.281078560355722,-0.554150364329891
"2015-07-01",-0.138129899066603,-0.679437789708163
"2015-08-01",-0.167686092826808,-0.579698085329006
"2015-09-01",-0.359488456512224,-0.265424836151303
"2015-10-01",0.189425995751905,-0.0134729701380687
"2015-11-01",0.436054627685712,0.331294824528077
"2015-12-01",0.634380740053173,0.361324848755859
"2016-01-01",0.213146706569308,0.367670532262828
"2016-02-01",0.168627581759141,-0.0275244895818816
"2016-03-01",0.00159008421511047,0.149131871188577
"2016-04-01",-0.258032724701679,0.155461308243288
"2016-05-01",-0.600542105667724,-0.214270897657748
"2016-06-01",-0.0589726439672341,0.141692904854569
"2016-07-01",0.227484568122716,0.559389353118158
"2016-08-01",0.325992643766831,0.495937777694256
"2016-09-01",0.00452152485644485,0.369073529556635
"2016-10-01",0.270369069458538,0.600038048824714
"2016-11-01",0.393429790471448,0.757385227587876
"2016-12-01",0.758639254459088,0.670230134954368
"2017-01-01",0.450573294756398,0.333826592508182
"2017-02-01",0.5505490550228,0.261729474471921
"2017-03-01",0.137012492999151,0.290325868569049
"2017-04-01",0.243632778652606,0.372106820444022
"2017-05-01",0.137909242397904,0.0609041859310618
"2017-06-01",0.380256216513409,-0.137881100658044
"2017-07-01",0.0926696772999328,-0.33635077307115
"2017-08-01",0.364011220143654,0.392272987930198
"2017-09-01",-0.0184329522796045,0.225840294379627
"2017-10-01",0.122679787170766,0.182984726201381
"2017-11-01",-0.105513797630867,-0.0280111920248879
"2017-12-01",0.00839760438185583,0.143650090897605
"2018-01-01",0.646055604148876,0.359079739219826
"2018-02-01",-0.212018582187493,0.0942519794724906
"2018-03-01",-0.192432490219201,-0.219236918310919
"2018-04-01",-0.260299271457922,-0.0286804760376946
"2018-05-01",0.067832457860651,0.136413279520754
"2018-06-01",0.295205497357125,0.152620573770587
"2018-07-01",0.449520470733323,0.196075652316077
"2018-08-01",0.267326829266823,0.340186691840662
"2018-09-01",0.499493185806676,0.458377539565837
"2018-10-01",0.663637701781163,0.509606429756995
"2018-11-01",0.445266222669407,0.725641535353949
"2018-12-01",0.514578407656821,0.508355796703924
"2019-01-01",0.540682157134047,0.506007863910094
"2019-02-01",0.489716418504281,0.524183203868266
"2019-03-01",0.584339436238204,0.797897432379218
"2019-04-01",0.406883375877746,0.48616960782269
"2019-05-01",0.0998186021099679,0.0292316953951471
"2019-06-01",-0.455952027409308,-0.311602453513852
"2019-07-01",-0.634304831709674,-0.345974624637454
"2019-08-01",0.0268938758625891,0.0594677070296387
"2019-09-01",0.375988121334976,0.340464336679777
"2019-10-01",0.328560964298166,0.270281728868584
"2019-11-01",0.962814503810023,0.988786504544624
"2019-12-01",1.37049288903869,1.14902095877659
"2020-01-01",1.63711156209353,1.21676758983868
"2020-02-01",1.07381289597315,0.942533155950044
"2020-03-01",0.482108241621794,0.466372101294971
"2020-04-01",0.425190308309859,0.40213545274566
"2020-05-01",0.15995546372304,-0.112590613526514
"2020-06-01",-0.0866240397631608,-0.526845906279302
"2020-07-01",-0.222461945052073,-0.36517935034162
"2020-08-01",0.11270329035485,-0.238127429083214
"2020-09-01",0.211520644416832,-0.156073309742414
"2020-10-01",0.213653304236139,0.275288238899624
"2020-11-01",-0.512202845111123,-0.499167506354829
"2020-12-01",-0.546296153664065,-0.670949378748373
