"","H.sst.AMM","E.sst.AMM"
"1885-01-01",0.347982485827934,0.58826782997901
"1885-02-01",0.243086040679173,0.37685358806211
"1885-03-01",0.112878595037471,0.238842840207909
"1885-04-01",-0.24827963034757,0.0636898332965786
"1885-05-01",0.760041297938758,0.521499509514844
"1885-06-01",0.4909984433416,0.35011441309418
"1885-07-01",-0.0315424739550575,-0.0207602887240415
"1885-08-01",0.390976182627243,0.351959874644947
"1885-09-01",0.601158561362274,0.48565014400046
"1885-10-01",0.618965043348242,0.628396385457586
"1885-11-01",0.801014579441939,0.894981483917642
"1885-12-01",0.647090463777409,0.898424003876552
"1886-01-01",0.663271375460518,0.830302225233263
"1886-02-01",0.577436901029886,0.743174181625101
"1886-03-01",0.705531112065445,0.845893367190371
"1886-04-01",0.506959166402601,0.793754199639769
"1886-05-01",0.677492125338587,0.824576954859105
"1886-06-01",0.651115386128221,0.464488690747502
"1886-07-01",0.207393435415461,0.102504343022239
"1886-08-01",0.26850845556877,0.280741233578693
"1886-09-01",0.200413057698678,0.231134039136815
"1886-10-01",0.130488941305714,0.169621019176137
"1886-11-01",0.115384990018905,0.126689956000055
"1886-12-01",0.188553341050834,0.405378530119189
"1887-01-01",0.463732150271869,0.710863144611461
"1887-02-01",0.557164735117994,0.739427490084679
"1887-03-01",0.525484922431197,0.581873991882768
"1887-04-01",0.709412273085042,0.898419083272987
"1887-05-01",0.912446600008242,1.06231051905678
"1887-06-01",1.07969084812745,0.895549177423844
"1887-07-01",1.2242511027926,0.93664806912091
"1887-08-01",0.965159012967026,0.792851034689318
"1887-09-01",0.718536667644775,0.772788796815785
"1887-10-01",1.13584936620321,1.15087503030379
"1887-11-01",1.55061071647648,1.39250922889339
"1887-12-01",1.34830606215603,1.57318835014778
"1888-01-01",1.43596684891471,1.59505580959645
"1888-02-01",1.55532771657547,1.68111492143579
"1888-03-01",1.77346320837454,1.87681978418159
"1888-04-01",1.3044239395545,1.45415333228152
"1888-05-01",1.1282331723779,1.17367368488664
"1888-06-01",1.19628100419055,1.23531617996816
"1888-07-01",1.14929926231658,1.2183794568254
"1888-08-01",1.07086203569537,1.01163380728002
"1888-09-01",0.955251852604749,1.03112072971273
"1888-10-01",1.12139454245986,1.04154893669087
"1888-11-01",0.589880161045385,0.614618737820527
"1888-12-01",0.416826315309967,0.322141649863688
"1889-01-01",0.73273678726555,0.539292409636214
"1889-02-01",0.49797506380055,0.435186426379811
"1889-03-01",0.625792696563235,0.586814787249048
"1889-04-01",0.346704112082988,0.306490479814547
"1889-05-01",0.110100578349465,0.258848267327213
"1889-06-01",0.407729222299033,0.392785659537168
"1889-07-01",0.028273565193644,0.0985878484308058
"1889-08-01",-0.108150119942763,-0.115132034845589
"1889-09-01",-0.0594981426386143,-0.162909056420324
"1889-10-01",-0.281367616856073,-0.419737539003969
"1889-11-01",-0.309491464551892,-0.41751703070424
"1889-12-01",-0.566228044881397,-0.621163621954082
"1890-01-01",-0.579743941319768,-0.606490681890148
"1890-02-01",-0.405573248563222,-0.258097684376782
"1890-03-01",0.0131484047853073,0.139834761838549
"1890-04-01",-0.103286340592138,-0.106288193794157
"1890-05-01",-0.193737177809053,-0.0169407206177997
"1890-06-01",-0.0130820876044168,-0.0390156271114978
"1890-07-01",-0.11207553908523,-0.0570413162888785
"1890-08-01",-0.0528329685857841,-0.018247774652583
"1890-09-01",-0.647617176084305,-0.196869965214349
"1890-10-01",0.328711595135764,0.302144983373021
"1890-11-01",0.415381955431601,0.257056199305675
"1890-12-01",0.102043677385287,0.129384281118216
"1891-01-01",0.0484165171454538,0.011750255602124
"1891-02-01",-0.189150509902923,-0.0692636876293165
"1891-03-01",0.388619264598209,0.387665766658842
"1891-04-01",0.27112724545718,0.371972984994418
"1891-05-01",0.382273256287867,0.554319048392753
"1891-06-01",0.512812037445127,0.358689203755901
"1891-07-01",0.612206220739871,0.574912789798266
"1891-08-01",0.971849221790527,0.612429884628583
"1891-09-01",0.960438029724496,1.00655044827061
"1891-10-01",0.550127145662336,0.719961013764012
"1891-11-01",0.176709501837162,0.207059178341175
"1891-12-01",0.248498418386753,0.286861184720778
"1892-01-01",0.502848373376747,0.448983088976918
"1892-02-01",0.346980293383122,0.388622008553951
"1892-03-01",0.31596747535251,0.576343577816417
"1892-04-01",0.342533811884165,0.540696244781012
"1892-05-01",0.482561265508854,0.528004460281393
"1892-06-01",0.329732035569468,0.419206056559982
"1892-07-01",0.27497876093615,0.131521048120016
"1892-08-01",0.609265141771434,0.25414337931473
"1892-09-01",0.151931171338939,0.185168021405017
"1892-10-01",0.328929932069794,-0.0395679089185861
"1892-11-01",0.0692101249903838,0.406904830492049
"1892-12-01",0.699535167426205,0.631106888700996
"1893-01-01",1.09644172561045,1.18949810403925
"1893-02-01",0.803992749414328,0.973957681118556
"1893-03-01",1.02593884781736,1.00489832627736
"1893-04-01",0.728590610785301,0.870893412156238
"1893-05-01",0.787469782626226,0.786469914809333
"1893-06-01",0.818590309202882,0.652836388000829
"1893-07-01",1.00837762964492,0.807090224349621
"1893-08-01",0.611098218033578,0.556095406009811
"1893-09-01",0.439294706523931,0.251800248113894
"1893-10-01",0.0119486202343621,0.121913325832953
"1893-11-01",0.725944962122412,0.372967050569294
"1893-12-01",0.159545243447505,0.354495107053608
"1894-01-01",0.21296913434928,0.0650321482934164
"1894-02-01",0.0683198473168192,-0.0516976763920347
"1894-03-01",-0.277003070267948,-0.185254281766716
"1894-04-01",-0.314585785087622,-0.102298205548981
"1894-05-01",0.109036970768102,0.132367532681786
"1894-06-01",-0.133916022932959,-0.0408555045352725
"1894-07-01",0.348159508061544,0.0616713049115108
"1894-08-01",0.136041081041789,0.109677330577815
"1894-09-01",0.535963272770535,0.225894381045236
"1894-10-01",0.0409541666561055,0.156563187590035
"1894-11-01",0.101422125701554,-0.065237731227994
"1894-12-01",0.00117755222523958,-0.0907673143473332
"1895-01-01",0.118089951538975,-0.0422954969963284
"1895-02-01",0.135242680263714,0.0303035501931963
"1895-03-01",-0.22431175849462,-0.295433100318935
"1895-04-01",-0.566724862860918,-0.434943006841182
"1895-05-01",-0.306578295074653,-0.411417181667359
"1895-06-01",-0.383565409921616,-0.312775371595607
"1895-07-01",-0.0614267960230704,-0.263279779216852
"1895-08-01",-0.221532000615384,-0.29591926685515
"1895-09-01",-0.0681709867160851,-0.222611330516967
"1895-10-01",0.0714424292334404,-0.0870667590589803
"1895-11-01",0.482264586237824,0.316745669211674
"1895-12-01",0.245206625770402,0.348185527336749
"1896-01-01",-0.0390573877765325,0.00170212779254555
"1896-02-01",0.0347925116720055,0.0680567928540305
"1896-03-01",0.0236392584657451,-0.0808075998007807
"1896-04-01",0.0843766213083247,0.252582648405899
"1896-05-01",0.659099557615496,0.492976898468615
"1896-06-01",0.374002700151041,0.3795745692527
"1896-07-01",0.365274606108499,0.0904414188157795
"1896-08-01",0.725481713850407,0.787330579535085
"1896-09-01",0.654421482817332,0.690309735964895
"1896-10-01",1.06979815100197,0.860541321868967
"1896-11-01",0.425328792563005,0.684643368323335
"1896-12-01",0.663309234843631,0.623107274605236
"1897-01-01",0.396393190514095,0.330142447797457
"1897-02-01",0.449658517559575,0.373112272578959
"1897-03-01",0.13138909653785,0.252238963999181
"1897-04-01",0.082199889393385,0.208450100778988
"1897-05-01",0.174045748198215,0.0459513564957547
"1897-06-01",0.279297460913461,0.18327458378546
"1897-07-01",0.248238320399518,0.175473113443892
"1897-08-01",0.11846476210582,0.345683063954143
"1897-09-01",0.570437737905491,0.185914952561835
"1897-10-01",0.588908586240926,0.579504724143093
"1897-11-01",0.685836680335777,0.64957599081616
"1897-12-01",1.34433003015694,0.578773886185091
"1898-01-01",0.640916263322696,0.789768304786508
"1898-02-01",1.01194319745311,0.975581699789194
"1898-03-01",1.2080205660368,1.35886350476565
"1898-04-01",0.830447615432957,1.03297553121417
"1898-05-01",0.730485384039391,1.13604423326016
"1898-06-01",1.41952357281641,1.30738752254668
"1898-07-01",0.942212500744054,1.14499819494694
"1898-08-01",0.746736212357518,0.857382763454983
"1898-09-01",0.837066429794702,0.566972744828098
"1898-10-01",0.82336485692135,0.471768394144309
"1898-11-01",0.149918189235917,0.261201842768469
"1898-12-01",0.123832306055577,0.118693558510232
"1899-01-01",0.149010172968102,0.0514655940063214
"1899-02-01",-0.480567203389935,-0.315117825055389
"1899-03-01",-0.276571625587476,-0.120839620895191
"1899-04-01",0.165357683935805,0.280740809167897
"1899-05-01",0.538707246017216,0.316764965240834
"1899-06-01",0.00737111828094604,-0.0495535061525277
"1899-07-01",0.23062912377948,0.141594531046481
"1899-08-01",0.349145024117808,0.0541443978464934
"1899-09-01",0.359972644750899,0.176477912414349
"1899-10-01",0.65208826682239,0.592000363397981
"1899-11-01",0.964926983047838,0.787094315819675
"1899-12-01",1.18730949900805,1.10146039873331
"1900-01-01",1.02771583547511,1.38695898404722
"1900-02-01",1.29508508650175,1.32539296606529
"1900-03-01",1.2624351547969,1.110085556072
"1900-04-01",0.897920546651255,0.969149788692117
"1900-05-01",0.727082300029761,0.716139518939819
"1900-06-01",0.188407679374826,0.34778968000626
"1900-07-01",0.594191175795678,0.382347160004743
"1900-08-01",0.44064439406989,0.49389010163309
"1900-09-01",0.712924363295297,0.257113111583042
"1900-10-01",0.486839854505204,0.211391447442219
"1900-11-01",0.196293095241085,0.10309504156307
"1900-12-01",0.178810284912041,0.306845493562958
"1901-01-01",0.382869243276592,0.251933392956693
"1901-02-01",0.64654619629088,0.588378692316848
"1901-03-01",0.874178113480342,0.687293637541413
"1901-04-01",0.853313138942168,0.881840533491393
"1901-05-01",0.972627377213446,0.81271001651872
"1901-06-01",0.861329224978064,0.681364441446485
"1901-07-01",0.608265063567511,0.560631450039229
"1901-08-01",0.454253769141784,0.615020357228121
"1901-09-01",0.2958259123208,0.544625346183329
"1901-10-01",0.23135680985164,0.374779176304647
"1901-11-01",0.0961056912912196,0.432828438534995
"1901-12-01",0.269032621632323,0.386890023032322
"1902-01-01",0.143593215377406,0.276512518959578
"1902-02-01",0.341748119149186,0.363914770339358
"1902-03-01",0.330283419669136,0.449707779714156
"1902-04-01",0.0812118940226185,0.346908568162191
"1902-05-01",0.712579903327753,0.680145134030228
"1902-06-01",0.368830740821915,0.566713547272998
"1902-07-01",0.414371638194365,0.399848662153584
"1902-08-01",0.751961325892572,0.531846505197449
"1902-09-01",0.69509371144869,0.803941235452075
"1902-10-01",0.773877806627796,0.767145826716308
"1902-11-01",0.873221606367638,0.765568802245481
"1902-12-01",0.607016424729461,0.629432484507057
"1903-01-01",0.962069093069652,0.84386143007979
"1903-02-01",1.1095673413265,1.12463271374302
"1903-03-01",0.642115227128729,1.05166737171065
"1903-04-01",1.09848701470789,1.18311962779576
"1903-05-01",1.00367577126497,1.04180723717295
"1903-06-01",1.31569002480029,1.01778916182191
"1903-07-01",1.3018926375496,1.08049829108302
"1903-08-01",0.899774668077787,0.862798098439534
"1903-09-01",0.850318299804783,0.792336569696385
"1903-10-01",1.05690510209081,0.94889383835587
"1903-11-01",1.00564021236204,0.976573694005436
"1903-12-01",0.718474702192662,0.928532974728026
"1904-01-01",0.683609916382716,0.967753616707903
"1904-02-01",0.711615455234979,0.686144445229571
"1904-03-01",0.212170406778867,0.447219629061276
"1904-04-01",0.408025418115116,0.359262892493911
"1904-05-01",0.0625574633749311,0.183329054874026
"1904-06-01",0.0451445094651967,0.0584214639436589
"1904-07-01",0.215887398190515,0.245192336191853
"1904-08-01",0.603735739630015,0.561668305892148
"1904-09-01",0.400648244154757,0.443607348505512
"1904-10-01",0.70503484825832,0.673258869429131
"1904-11-01",0.927249907087917,0.708526399593969
"1904-12-01",0.580958254768759,0.623649562130148
"1905-01-01",0.479152563322335,0.766767043073873
"1905-02-01",0.54531797110944,0.700687262876565
"1905-03-01",0.32154672860079,0.539790256731598
"1905-04-01",0.424448608136427,0.599871182597516
"1905-05-01",0.230669204356598,0.359941905060526
"1905-06-01",0.0206917147843448,0.245144523824417
"1905-07-01",0.382596680572421,0.258618715656935
"1905-08-01",0.418702720892771,0.332740425256709
"1905-09-01",0.260116923325964,0.294713298778481
"1905-10-01",0.364906752311843,0.163601168396487
"1905-11-01",0.0700794386632275,-0.191806078464986
"1905-12-01",-0.0260063021878451,0.0306604076377683
"1906-01-01",0.572610027819323,0.437873737608944
"1906-02-01",0.209922326036929,0.413047012980824
"1906-03-01",0.385450864074743,0.542295609086858
"1906-04-01",0.324014792657903,0.480328093299907
"1906-05-01",0.57275573200602,0.694505508239748
"1906-06-01",0.815116575278335,0.875248939085886
"1906-07-01",0.681237887784665,0.518326645403721
"1906-08-01",0.876226104342438,0.869732679531387
"1906-09-01",0.80669051177544,0.622351199061669
"1906-10-01",0.622822782093978,0.770691351707059
"1906-11-01",0.974683247488476,1.14492860219866
"1906-12-01",0.78603648190552,1.10018218035195
"1907-01-01",0.647167872352997,0.770148143619217
"1907-02-01",0.627582387416665,0.5959535884686
"1907-03-01",0.068854207164165,0.372692858936938
"1907-04-01",0.142348724122456,0.287638375991407
"1907-05-01",0.286251398917163,0.474506794565167
"1907-06-01",0.38628324035813,0.472708023745504
"1907-07-01",0.103215162147511,0.24344130348836
"1907-08-01",0.1568837998194,0.0619075801532764
"1907-09-01",0.373921522226113,0.446060451957615
"1907-10-01",0.347857409389801,0.359003456258744
"1907-11-01",0.319504200954694,0.411388068586249
"1907-12-01",0.250869281372504,0.383555049471978
"1908-01-01",0.419467450550443,0.78857777452617
"1908-02-01",0.704824468074388,0.926243406515662
"1908-03-01",0.3476644190961,0.807086680986067
"1908-04-01",0.408532392082917,0.543712986743756
"1908-05-01",0.537905942161214,0.583360520692591
"1908-06-01",0.467720314100218,0.665186077109394
"1908-07-01",0.752466658604492,0.537633592260309
"1908-08-01",0.67505349360175,0.548157486998003
"1908-09-01",0.345225579883206,0.378212080632659
"1908-10-01",0.656049735818712,0.84489032385307
"1908-11-01",1.11083167378865,1.1222509563527
"1908-12-01",0.84630044939731,1.06002759456116
"1909-01-01",0.865917174611145,0.983613535830021
"1909-02-01",0.586800883062033,0.805033783203749
"1909-03-01",0.407905300460033,0.70223023057299
"1909-04-01",0.238127329474012,0.478379450486687
"1909-05-01",0.507102737619341,0.771555599923593
"1909-06-01",0.44577918340657,0.569182411750031
"1909-07-01",0.668305065806456,0.655537020302342
"1909-08-01",0.720774472420773,0.675441396563311
"1909-09-01",0.452167959785824,0.270423973896573
"1909-10-01",0.42434811736733,0.197847426248166
"1909-11-01",0.611244028792566,0.344285718508868
"1909-12-01",0.616284353903984,0.716441513155013
"1910-01-01",0.455213961739261,0.668040866665893
"1910-02-01",-0.102201746048515,0.345530910239209
"1910-03-01",-0.0787439667182308,0.306356557846932
"1910-04-01",-0.107766582692838,0.148725675851248
"1910-05-01",-0.0373278189285181,0.110878090955807
"1910-06-01",-0.145079917320017,-0.187011266165486
"1910-07-01",-0.236413162065106,-0.262073116103085
"1910-08-01",0.20412122928235,-0.112250350053747
"1910-09-01",0.115570329634923,0.0736475520783234
"1910-10-01",-0.589887642471872,0.192038684419127
"1910-11-01",0.688681917431449,0.552345928922742
"1910-12-01",0.629656674385153,0.803696601431506
"1911-01-01",0.699627444853702,0.715724775515581
"1911-02-01",0.303723175358269,0.650264302036691
"1911-03-01",0.332616180595544,0.485928607093618
"1911-04-01",0.35203917884775,0.545747557077469
"1911-05-01",0.229426583696478,0.485049098566643
"1911-06-01",0.164940412027084,0.0267754184111144
"1911-07-01",0.169150708984255,0.0670183805902472
"1911-08-01",0.307207376348106,0.104319893503935
"1911-09-01",0.237952760177319,0.0594047000091794
"1911-10-01",0.116822661064778,0.232360190235755
"1911-11-01",0.159443655736565,-0.0515670307142036
"1911-12-01",-0.545516704612039,-0.721673584597025
"1912-01-01",-0.436922386894266,-0.331889170606956
"1912-02-01",0.190840347370807,0.0705000406846597
"1912-03-01",-0.0895077513523203,-0.0769072151292345
"1912-04-01",-0.465884967202758,-0.33665063751945
"1912-05-01",-0.284126091407987,-0.226747357750295
"1912-06-01",-0.227482765200087,-0.318144884642403
"1912-07-01",-0.0422801275943063,-0.145886567592996
"1912-08-01",-0.198885034280807,-0.341310027033943
"1912-09-01",0.0273492016023534,-0.128879439781348
"1912-10-01",0.299727515651594,0.205048723911379
"1912-11-01",-0.173520087114731,0.118587085611841
"1912-12-01",-0.0976194125242404,0.0652635889120255
"1913-01-01",-0.252136747630053,-0.219329503342495
"1913-02-01",-0.430716125865439,-0.216642085062839
"1913-03-01",-0.637490406580896,-0.428860704253307
"1913-04-01",-0.716536535865055,-0.576812930549507
"1913-05-01",-1.10167134113031,-0.819859900130324
"1913-06-01",-0.773231822350204,-0.939807340752461
"1913-07-01",-0.72407482463245,-0.753712951661082
"1913-08-01",-0.771203203479363,-0.891432760443372
"1913-09-01",-0.791685030948107,-0.900814977336741
"1913-10-01",-0.315644419065036,-0.595760040516835
"1913-11-01",-0.35846660688294,-0.343420201873707
"1913-12-01",-0.098858798528609,-0.161553997430656
"1914-01-01",0.0813093958173554,0.0751441507250564
"1914-02-01",-0.229667633533773,-0.0252443890042869
"1914-03-01",-0.225008572226042,-0.0741885698885777
"1914-04-01",-0.22184702150575,-0.112507173272739
"1914-05-01",0.0533714512437049,0.0123908075329597
"1914-06-01",-0.0752791374098174,-0.265323786153852
"1914-07-01",-0.179927285351716,-0.312720705370041
"1914-08-01",-0.00644131032052181,-0.16011143318836
"1914-09-01",0.165396151530886,0.170123448052466
"1914-10-01",-0.206635739499955,0.0181789913252046
"1914-11-01",0.0186972818598047,0.00328377681325335
"1914-12-01",0.2183056296888,0.050571490553763
"1915-01-01",1.27681484520414,0.406297764813553
"1915-02-01",0.684159117660993,0.795816329022524
"1915-03-01",0.338961711218264,0.956769299512022
"1915-04-01",0.869709854710645,0.97117412088337
"1915-05-01",0.764645119935633,1.09902863949835
"1915-06-01",1.18968148361884,1.04707344461046
"1915-07-01",1.00930790536299,1.23860219250193
"1915-08-01",1.4064650850409,1.45079479406109
"1915-09-01",0.967860005209644,1.01675736864025
"1915-10-01",0.644589345897331,0.817787672945994
"1915-11-01",0.906423182403317,0.889568421495277
"1915-12-01",1.01385218911614,0.973080049785306
"1916-01-01",0.454776356546841,0.450152052903731
"1916-02-01",-0.0122183031629415,0.239639294262853
"1916-03-01",1.00172467064746,0.576877401801495
"1916-04-01",0.0431269393638449,0.523689451130956
"1916-05-01",0.55886655079606,0.671937480008459
"1916-06-01",0.498726194378402,0.734452439700166
"1916-07-01",0.588197417160962,0.518654429197759
"1916-08-01",0.454857938391143,0.433728432154588
"1916-09-01",0.342585498373083,0.278368787863358
"1916-10-01",-0.00924505767536812,0.300714593701295
"1916-11-01",0.256561899598327,0.0975289081160308
"1916-12-01",0.188982372693586,0.15679656640836
"1917-01-01",-0.0946047295033171,0.124192024181338
"1917-02-01",0.103254335007132,0.140780134814472
"1917-03-01",-0.332001056428135,0.377567379969631
"1917-04-01",0.383976175621069,0.745082663020488
"1917-05-01",1.3169363932793,1.31989358750736
"1917-06-01",0.787938192065222,1.44662694129281
"1917-07-01",0.589689539595779,0.600310800136364
"1917-08-01",-0.64793044700133,-0.417245980702807
"1917-09-01",-0.383309462596143,-0.781392466573175
"1917-10-01",-0.494758219919422,-0.523862661707959
"1917-11-01",-0.262938869316567,-0.294061614790421
"1917-12-01",-0.636567903354269,0.195210428681376
"1918-01-01",0.860239377334532,0.730769143730603
"1918-02-01",0.262550585824471,0.316703390824523
"1918-03-01",0.320925699411616,0.254738364259106
"1918-04-01",0.0184804342377548,0.936325317037565
"1918-05-01",1.38314170843476,1.24717326258124
"1918-06-01",0.954523705498537,1.1996685053586
"1918-07-01",0.240818205952053,0.879059274651133
"1918-08-01",0.908393111459273,1.33839146576829
"1918-09-01",0.769987607320989,0.733957203438635
"1918-10-01",0.326254028667943,0.270910766658616
"1918-11-01",-0.348690884141335,-0.0220109649522844
"1918-12-01",0.351581610885527,0.152007620317385
"1919-01-01",0.614630360353643,0.776276036965602
"1919-02-01",1.07346575458659,1.04864069354191
"1919-03-01",0.794078790867665,1.05061032767132
"1919-04-01",1.00134731344333,1.04910786894463
"1919-05-01",0.317243324172936,0.640782488912664
"1919-06-01",0.17510073173083,0.247550064921833
"1919-07-01",0.512488181658535,0.0839721253095643
"1919-08-01",0.303363740332454,0.335335198049899
"1919-09-01",0.455925008601731,0.241765658307811
"1919-10-01",0.499814271576499,0.503013145924547
"1919-11-01",0.550612731710555,0.463406805644742
"1919-12-01",0.431802337052636,0.466030429304426
"1920-01-01",0.354161103069137,0.154156625302333
"1920-02-01",-0.384940406379435,-0.438612306183517
"1920-03-01",-0.679682561279171,-0.500430675133573
"1920-04-01",-0.564195990625466,-0.236092373681394
"1920-05-01",-0.313602012479753,-0.0829536182781598
"1920-06-01",-0.351101770586332,-0.220224217594714
"1920-07-01",-0.235442700564681,-0.511013676081196
"1920-08-01",-0.359644298601758,-0.504844589243493
"1920-09-01",-0.566280226559335,-0.303966906475219
"1920-10-01",0.0619407011974444,-0.224736900299541
"1920-11-01",-0.508567665722915,-0.360842658224926
"1920-12-01",-0.151532805855345,-0.409819255914545
"1921-01-01",-0.371668765049892,-0.307120351509619
"1921-02-01",-0.303872553659234,-0.241577771584489
"1921-03-01",-0.699464759043132,-0.183989695214379
"1921-04-01",-0.16945408349355,0.0356704700201249
"1921-05-01",-0.615923817289914,0.10857716455471
"1921-06-01",-0.207363223098521,-0.241120223291088
"1921-07-01",-0.595143355272427,-0.166741068576911
"1921-08-01",0.093081168351352,-0.30019301002746
"1921-09-01",-0.275454770258928,-0.30544492180094
"1921-10-01",0.111972985378718,-0.0120280486678631
"1921-11-01",-0.250140801571817,0.0532615853079996
"1921-12-01",0.140734808654478,0.349571819973682
"1922-01-01",0.420480725084528,0.273574469124937
"1922-02-01",0.0280710958383824,0.157877440172489
"1922-03-01",-0.102951721252148,-0.112279361363889
"1922-04-01",0.189482233348802,0.0205370924093179
"1922-05-01",0.439850547937379,0.345793281500546
"1922-06-01",-0.381657717479123,-0.181597688990541
"1922-07-01",-0.389127848963152,-0.499191007635761
"1922-08-01",-0.48518143243249,-0.604260977172407
"1922-09-01",-0.685999751055429,-0.598289014665181
"1922-10-01",-0.290488629076822,-0.254405950203964
"1922-11-01",0.165616571295432,0.126811444030459
"1922-12-01",-0.198807865743376,-0.136880862870651
"1923-01-01",-0.352298910012178,-0.0280729483496426
"1923-02-01",-0.117118915105152,0.127205918871806
"1923-03-01",-0.00711913738124192,0.143557560534044
"1923-04-01",-0.271285318749681,-0.109767309711727
"1923-05-01",-0.640555041699499,-0.105304088979165
"1923-06-01",-0.218472402252616,-0.307823546776191
"1923-07-01",-0.583041128995491,-0.206791632082779
"1923-08-01",-0.160434806909509,-0.326091396050497
"1923-09-01",-0.580864667640276,-0.511396047457364
"1923-10-01",-0.567367605658681,-0.472520580017093
"1923-11-01",-0.620444725259914,-0.542910467800355
"1923-12-01",-1.1922469672928,-0.600153646969825
"1924-01-01",-0.61867548027363,-0.988774186907234
"1924-02-01",-0.648281739951654,-0.844653652053534
"1924-03-01",-0.596559390377017,-0.402227935186945
"1924-04-01",-0.501093741385589,-0.279616900799461
"1924-05-01",-0.480572072539391,-0.199422939740667
"1924-06-01",-0.306878547668212,-0.206139162938204
"1924-07-01",-0.177831803684693,-0.369574074542584
"1924-08-01",-0.533967966046211,-0.34200999913676
"1924-09-01",-0.09419505116431,-0.279096784562055
"1924-10-01",-0.21145064937535,-0.104646176749045
"1924-11-01",0.298762875649194,0.19721368063569
"1924-12-01",0.183206013155872,0.364178520140857
"1925-01-01",-0.317084904686831,0.118769644166642
"1925-02-01",0.313836283073574,-0.0600300863877745
"1925-03-01",-0.705474341599293,-0.338110699783558
"1925-04-01",-0.0811627678526854,-0.260370402037657
"1925-05-01",-0.25748553127446,-0.0694904549007075
"1925-06-01",-0.530967089792424,-0.163277575165132
"1925-07-01",-0.165659201313,-0.075681819882899
"1925-08-01",-0.402016157545969,-0.291491098342606
"1925-09-01",-0.283647847832551,-0.154803870137079
"1925-10-01",-0.0300501086580731,-0.357502361239301
"1925-11-01",-0.465023407427606,-0.362158702593527
"1925-12-01",0.517118408503958,0.0837198507288185
"1926-01-01",0.269203572113649,0.208598727294057
"1926-02-01",0.44568944293341,0.340596973834857
"1926-03-01",0.129033191302949,0.299491608029781
"1926-04-01",0.0107030586504033,0.33966543968411
"1926-05-01",0.32447184191752,0.436217069584766
"1926-06-01",-0.0637380837999467,0.104423466198823
"1926-07-01",0.674937954520988,0.378085610584316
"1926-08-01",0.508038241374627,0.297381388283648
"1926-09-01",0.513737457456559,0.427829831799862
"1926-10-01",0.201918575950715,0.448516303984232
"1926-11-01",0.419505670652388,0.218300687351442
"1926-12-01",-0.261402770636093,0.1915385067214
"1927-01-01",0.418437475883233,0.344865389315047
"1927-02-01",0.358798419981763,0.471992050671771
"1927-03-01",0.00598465510564879,0.371264782696535
"1927-04-01",0.298526733939452,0.447892211051119
"1927-05-01",0.372844877493167,0.721751309519888
"1927-06-01",0.661121010485979,0.594801630702813
"1927-07-01",0.261032968245172,0.569545273509385
"1927-08-01",0.575446161052441,0.420843511323214
"1927-09-01",0.308761447995344,0.467425015353853
"1927-10-01",0.664572904783176,0.427547880786543
"1927-11-01",0.430080555649652,0.62780648176914
"1927-12-01",0.240025063555821,0.528902035568034
"1928-01-01",0.298803170684623,0.564115544367803
"1928-02-01",0.241737270470713,0.368670534358086
"1928-03-01",0.658725970538067,0.500706583474105
"1928-04-01",-0.0565708106717813,0.128629941965803
"1928-05-01",0.0269747899201435,0.196885704790214
"1928-06-01",0.340501711080902,0.272097304573686
"1928-07-01",0.134030768100477,0.143795147889864
"1928-08-01",0.406953408769268,0.258894004946773
"1928-09-01",0.419403388361811,0.290102697183139
"1928-10-01",0.115489037275553,0.331847142951517
"1928-11-01",0.281140487658824,0.210823094971814
"1928-12-01",0.0636257920368198,0.27736592098701
"1929-01-01",0.404158130869236,0.227462119467937
"1929-02-01",0.0608100355771294,0.388306472875807
"1929-03-01",0.0809820397820953,0.325764310561269
"1929-04-01",0.164864533757872,0.369133099261071
"1929-05-01",0.0325575651385826,0.250264361046894
"1929-06-01",0.245629761549806,0.337777792155144
"1929-07-01",0.287050281129708,0.52144723592579
"1929-08-01",0.277671192550622,0.0785569371208683
"1929-09-01",-0.0952289793732469,0.243392460458997
"1929-10-01",0.192852918858026,0.258191162016877
"1929-11-01",-0.741655415392456,-0.189038395712343
"1929-12-01",-0.543842264671377,-0.0279415151884429
"1930-01-01",0.062068806141839,0.205566974762507
"1930-02-01",0.067501354485579,0.292295934370728
"1930-03-01",-0.0478903365688839,0.285300326379226
"1930-04-01",-0.195130738495509,-0.26580478392271
"1930-05-01",0.188493626389986,0.073019680920437
"1930-06-01",0.0991632880448008,-0.0815185553690622
"1930-07-01",-0.0924837267845002,-0.176181064964878
"1930-08-01",0.245336713904074,0.233310926826892
"1930-09-01",0.621026587426198,0.400702276330736
"1930-10-01",0.344611966017595,0.61472154363806
"1930-11-01",0.372435030810225,0.522900178092836
"1930-12-01",0.428689466042204,0.616905194389162
"1931-01-01",0.725482894587284,0.789474232977435
"1931-02-01",0.010725264534699,0.375247493291115
"1931-03-01",0.0898006088439725,0.424298513385766
"1931-04-01",0.318761554400269,0.571290921348687
"1931-05-01",0.392031724097591,0.612672488834454
"1931-06-01",0.66428253508847,0.624779010770706
"1931-07-01",0.503027028716805,0.370675791094523
"1931-08-01",0.860430938201953,0.345768386511328
"1931-09-01",-0.137426767120605,0.251276057022551
"1931-10-01",0.504003560408344,0.349463976531884
"1931-11-01",0.43936895305512,0.550579939360602
"1931-12-01",0.23304918294044,0.508569278267744
"1932-01-01",0.669917264511546,0.709239025938926
"1932-02-01",0.929514133214283,1.11899088622052
"1932-03-01",1.10893201822837,1.4739704872049
"1932-04-01",1.11661875909312,1.33116978462838
"1932-05-01",0.631592097583126,0.93685267911389
"1932-06-01",0.691083769030747,0.719441553364966
"1932-07-01",0.470249678137201,0.573670356530057
"1932-08-01",0.601608779090702,0.558185639402397
"1932-09-01",0.226446175161683,0.8909733746573
"1932-10-01",1.18158077278477,1.09959995523477
"1932-11-01",0.825327569235002,0.941986322391189
"1932-12-01",0.536036597204321,0.587645157034211
"1933-01-01",0.0162079165103485,0.318856065841442
"1933-02-01",0.123966592438059,0.59138688394912
"1933-03-01",1.01898292956008,0.590599064568894
"1933-04-01",0.423699852365951,0.855542297821292
"1933-05-01",0.69818709726409,0.864531332658801
"1933-06-01",0.664167829096942,0.872834519371004
"1933-07-01",0.966228093675065,0.8614032484904
"1933-08-01",0.447943958126199,0.609188070597725
"1933-09-01",0.39896647072075,0.609573431046448
"1933-10-01",0.728056584351094,0.721634047339943
"1933-11-01",0.436344952152394,0.67994775045206
"1933-12-01",-0.142071415067716,0.317372357576215
"1934-01-01",-0.198601640519175,0.175929785635066
"1934-02-01",-0.189788849788125,-0.0108944506283183
"1934-03-01",-0.90038025898101,-0.266012618850009
"1934-04-01",-0.481775449485273,-0.20864690661823
"1934-05-01",-0.643208306408696,-0.231345340288541
"1934-06-01",-0.160290642658874,-0.0516105272539087
"1934-07-01",-0.211197327776673,0.037984589920696
"1934-08-01",0.171152875353589,-0.026126410612159
"1934-09-01",-0.533024387502763,-0.196200443491533
"1934-10-01",-0.296755272265447,-0.151374420027652
"1934-11-01",-0.507752985448229,-0.333475881429661
"1934-12-01",-0.425906883403844,-0.328197504408207
"1935-01-01",-0.466459761599134,-0.135392730677301
"1935-02-01",-0.180026791283713,-0.391710347799949
"1935-03-01",-0.762714361736506,-0.313091585472021
"1935-04-01",-0.441587647815948,-0.309147647559548
"1935-05-01",-0.15882288625636,-0.0095814790817466
"1935-06-01",-0.0982979588363947,0.0817387224424903
"1935-07-01",-0.0874219601001701,0.0643062158324123
"1935-08-01",0.111228248069035,0.16107975421435
"1935-09-01",-0.332438791520536,-0.111021217378255
"1935-10-01",0.0121806838127801,-0.25774415566576
"1935-11-01",-0.0478524140920933,-0.0049018476739465
"1935-12-01",0.042136331124744,0.0257977197428783
"1936-01-01",0.150878765188009,0.246080286600244
"1936-02-01",0.328928788297267,0.54936885714509
"1936-03-01",0.776613517294934,0.944264804555979
"1936-04-01",0.948263286412106,1.10577825374718
"1936-05-01",0.8059369288197,0.99995768172803
"1936-06-01",1.0428365183971,1.21262482729005
"1936-07-01",0.712042254321697,0.801770698945943
"1936-08-01",0.753090760043488,0.694275507916543
"1936-09-01",0.348680807052423,0.328464425444518
"1936-10-01",0.418667112365528,0.372951777506897
"1936-11-01",0.237431581717183,0.193003174362885
"1936-12-01",0.11216600296097,0.279472359954504
"1937-01-01",0.0675478034284656,0.279537663238791
"1937-02-01",0.103009079554344,0.34323533064573
"1937-03-01",-0.0441707995420012,0.37131824048886
"1937-04-01",-0.204377403187465,0.357173957234733
"1937-05-01",0.0966217429255018,0.400122361226783
"1937-06-01",0.639224409835235,0.624996787385346
"1937-07-01",0.37637165033946,0.596684307358697
"1937-08-01",0.636600680468975,0.503883896443974
"1937-09-01",0.426931790943922,0.466840782381405
"1937-10-01",0.591452411975323,0.418566542231375
"1937-11-01",0.755561479887148,0.855627788179813
"1937-12-01",1.17497743829357,1.0935485838792
"1938-01-01",1.08612243128303,0.852894783823548
"1938-02-01",0.365215218260902,0.627244859966587
"1938-03-01",0.596107864585984,0.575271530003923
"1938-04-01",0.482851144881799,0.623605829345441
"1938-05-01",0.303961900086432,0.461062951282242
"1938-06-01",0.0492803899749081,0.15211795930597
"1938-07-01",-0.205066450803411,-0.0713802888265982
"1938-08-01",0.0184872584105501,-0.0161744896418668
"1938-09-01",-0.0177844021277136,-0.0415243814021041
"1938-10-01",0.0960717475156312,0.131447730089571
"1938-11-01",0.443259517469218,0.33535517125178
"1938-12-01",0.38608885208388,0.414231935356779
"1939-01-01",-0.0065061796692462,0.449111416372906
"1939-02-01",0.278284306672995,0.41546493446778
"1939-03-01",-0.180579327224344,0.181325476788679
"1939-04-01",-0.323404688762664,-0.0111189660329994
"1939-05-01",0.0673688454576988,0.281473320997678
"1939-06-01",-0.26598119448248,0.204986165962304
"1939-07-01",-0.0517582448636445,-0.0667263657699008
"1939-08-01",0.138436156151572,0.0407044029708501
"1939-09-01",0.0956150258571739,0.178935780936005
"1939-10-01",0.370140120266695,0.253874340875366
"1939-11-01",-0.195147392458139,0.0753038755856012
"1939-12-01",-0.201152889004492,0.0492612767509422
"1940-01-01",0.115628545255521,0.20352139400382
"1940-02-01",-0.134731754395315,-0.0724804053556279
"1940-03-01",0.0712241401879978,0.141187368111383
"1940-04-01",0.277351578370702,0.496642797418412
"1940-05-01",0.467462129681354,0.873585246921272
"1940-06-01",0.781772442006434,1.02457514359469
"1940-07-01",0.229719740760024,0.391968512522708
"1940-08-01",0.116037076605501,0.301305978037897
"1940-09-01",0.229630596139667,0.412148709637899
"1940-10-01",0.482413856462024,0.704699403619654
"1940-11-01",0.454562236288861,0.374727328801543
"1940-12-01",-0.123033905014984,0.0825409251300914
"1941-01-01",-0.0913451802665924,0.160591046506881
"1941-02-01",0.212894905942238,0.0543733977068181
"1941-03-01",0.1022418223365,0.259615855577979
"1941-04-01",0.585686927505865,0.654863352001797
"1941-05-01",0.405370327223244,0.444117620040465
"1941-06-01",0.1315697931032,0.0863555699775174
"1941-07-01",0.238298761383344,0.200133445730275
"1941-08-01",0.122068821047338,0.113410685022205
"1941-09-01",0.131035989308526,0.171531938359672
"1941-10-01",0.313773603913547,0.398472264103692
"1941-11-01",0.628639932511005,0.661661300335539
"1941-12-01",0.23546468128495,0.523036980570569
"1942-01-01",0.0872202049136673,0.428115050389893
"1942-02-01",1.11207412911051,0.858318463418966
"1942-03-01",0.372767284662533,0.891559136903405
"1942-04-01",0.606504213839693,0.791234283296127
"1942-05-01",0.365306197304156,0.725634378916117
"1942-06-01",0.780372435437269,0.596495415153632
"1942-07-01",0.898953681071707,0.69111613104034
"1942-08-01",0.909526708626944,0.526322437117435
"1942-09-01",0.415451982942157,0.429867990411172
"1942-10-01",0.578051242499879,0.506499631241315
"1942-11-01",0.826599385903669,0.818221207299824
"1942-12-01",0.92690529400843,0.569966454195963
"1943-01-01",-0.0356270128610294,-0.149800015424303
"1943-02-01",0.308817859728932,0.463247209099375
"1943-03-01",0.33472566923698,0.572930123436421
"1943-04-01",1.17297033337599,1.04207446862514
"1943-05-01",0.539935632696727,0.678742723251065
"1943-06-01",0.462780932211622,0.11330723912066
"1943-07-01",0.0905010225385779,-0.314849011013881
"1943-08-01",0.0694758254043342,0.601956570712635
"1943-09-01",1.47012536839642,1.8096384998262
"1943-10-01",1.28289614133168,1.68683651003349
"1943-11-01",1.14610850774923,1.51419615923119
"1943-12-01",1.27299601005182,1.69022361048119
"1944-01-01",0.746367760650866,1.08080028069199
"1944-02-01",0.372615763208287,0.280047264013684
"1944-03-01",-0.142741420205209,-0.0845022980978098
"1944-04-01",-0.192532694205074,-0.353218004713388
"1944-05-01",-0.514946648779072,-0.854348154130507
"1944-06-01",-0.325598859723977,-0.320155364831479
"1944-07-01",0.138973846694722,0.25626225079631
"1944-08-01",0.59709203845695,0.359124155688379
"1944-09-01",0.455645529646172,0.560433503833724
"1944-10-01",0.901950327931149,0.588700882506646
"1944-11-01",0.0769075962403377,0.371369070510709
"1944-12-01",0.419817435939001,0.555309175402613
"1945-01-01",0.366845371965094,0.286033250855204
"1945-02-01",-0.440410354986129,-0.213414164783244
"1945-03-01",-0.190766794595453,0.0462436425312187
"1945-04-01",-0.141502171913369,1.0458275341866
"1945-05-01",1.32132911359476,1.41535713575753
"1945-06-01",0.969558549833175,1.45121871845629
"1945-07-01",-0.562422473627494,1.15022906723066
"1945-08-01",0.581222435530236,1.61097354810036
"1945-09-01",1.16393945169678,1.2095208235725
"1945-10-01",NA,0.907469012825795
"1945-11-01",0.23273335677245,0.0289723932616369
"1945-12-01",0.161418450943208,0.527626667655726
"1946-01-01",0.740211538237623,0.812188066632634
"1946-02-01",0.0480707971763647,0.523521283842113
"1946-03-01",-0.0242082052460534,1.29022667940341
"1946-04-01",1.01281216529605,1.18082918267158
"1946-05-01",0.662945429271812,0.827880642577277
"1946-06-01",0.155348051430627,0.0241984482520358
"1946-07-01",-0.274583849540618,-0.0215083254786375
"1946-08-01",0.742590426389041,0.412672679199592
"1946-09-01",0.151617019490161,0.403185371833669
"1946-10-01",0.249538347646018,0.135144185076003
"1946-11-01",-0.0153845698633358,0.181165605852036
"1946-12-01",0.198530744838328,-0.0792083274209184
"1947-01-01",-0.908955245130019,-0.564369092169895
"1947-02-01",0.193351481273203,0.0539158447160145
"1947-03-01",0.342430361108218,0.530359301899985
"1947-04-01",0.0466673835432457,0.356480393516222
"1947-05-01",-0.0107379840586806,0.254839294510682
"1947-06-01",0.125929325185848,0.0828671002322965
"1947-07-01",-0.0948014944483167,0.194650086396937
"1947-08-01",0.140270032527428,0.173584244874222
"1947-09-01",0.0264362846949206,0.160217286190714
"1947-10-01",-0.0432013465989441,0.0546756911826244
"1947-11-01",0.0587460609578164,0.00908339864043266
"1947-12-01",0.106039248843104,0.0172992102686321
"1948-01-01",0.3411935992578,0.308715837211492
"1948-02-01",0.2154241266546,0.43551586774257
"1948-03-01",-0.271861283558542,0.276024167468715
"1948-04-01",0.117716340717109,0.0986668505579142
"1948-05-01",-0.0509712385732269,0.299825761239886
"1948-06-01",0.993722175295442,0.587450275830372
"1948-07-01",0.565366245047222,0.85482727779269
"1948-08-01",0.478266098957092,0.540458937568452
"1948-09-01",0.328018621016842,0.30105915066147
"1948-10-01",-0.185134741555976,0.107634818280456
"1948-11-01",0.46044826703384,0.283067015234819
"1948-12-01",0.164920083030909,0.281030198168562
"1949-01-01",0.158193185099879,0.316456135249912
"1949-02-01",0.0162811102575726,0.244909599943159
"1949-03-01",-0.232219646496854,-0.147692630243952
"1949-04-01",-0.370730083366617,-0.20916052228999
"1949-05-01",-0.331104783519332,-0.20275157238737
"1949-06-01",-0.382265542818781,0.0676711966792311
"1949-07-01",0.32760778560477,0.380294674920221
"1949-08-01",-0.0574165642588013,0.24190527456204
"1949-09-01",0.128857365900906,0.248763180270194
"1949-10-01",0.158888526450189,0.305183315418126
"1949-11-01",-0.255342064776984,0.20410007344969
"1949-12-01",0.158541494345725,0.411109267520361
"1950-01-01",0.103346490213002,0.03671330528054
"1950-02-01",-0.44425134824697,-0.144095327429752
"1950-03-01",-0.367802487050297,-0.297380559673422
"1950-04-01",0.121468319039798,0.294869331097528
"1950-05-01",0.492754760442298,0.507945893730761
"1950-06-01",0.40796514456886,0.50803461563068
"1950-07-01",0.0852266979402537,0.0843321542251991
"1950-08-01",0.240886067088135,0.149109335237859
"1950-09-01",0.0711413264383916,0.194379587052063
"1950-10-01",0.552316047179144,0.406776931241305
"1950-11-01",0.433587851397527,0.615168686008926
"1950-12-01",1.16861690169301,1.28628294759965
"1951-01-01",1.15017142551403,1.22096352852854
"1951-02-01",0.442366408540795,0.868549128180758
"1951-03-01",0.528870803886651,0.70148403275374
"1951-04-01",0.582689261456223,0.801563831195635
"1951-05-01",0.520520587230788,0.757168619387058
"1951-06-01",0.935734303231192,0.97988565564006
"1951-07-01",0.993970052875842,1.08418089651245
"1951-08-01",0.747350991413613,0.826345887193846
"1951-09-01",0.566539219901253,0.486573463749391
"1951-10-01",0.487782643998232,0.496982309446544
"1951-11-01",0.339092716139785,0.601543593248165
"1951-12-01",0.303186884660935,0.493255661226918
"1952-01-01",-0.136246929624081,0.0463191617057707
"1952-02-01",-0.140458949008183,0.00771552591355337
"1952-03-01",0.0778015013935446,0.288516358223047
"1952-04-01",-0.0286621009823216,0.183670608545797
"1952-05-01",0.317469188810516,0.323444396703478
"1952-06-01",0.298484099133288,0.222431390691941
"1952-07-01",0.303317737291238,0.319893489263543
"1952-08-01",0.438540715654444,0.273240656719824
"1952-09-01",0.632363934473801,0.391950093933666
"1952-10-01",0.523435172049389,0.399749125307109
"1952-11-01",0.140190792569964,0.373607833936007
"1952-12-01",0.488985068101936,0.463568323523335
"1953-01-01",0.589146890366326,0.686907559865224
"1953-02-01",0.479289517208843,0.55187468791298
"1953-03-01",-0.117580832003539,0.158724887072026
"1953-04-01",0.46017529737711,0.629281089357839
"1953-05-01",0.380118944254858,0.482785377432185
"1953-06-01",0.44887092880073,0.381322161699801
"1953-07-01",0.170805434987536,0.24490457810541
"1953-08-01",0.35636584698305,0.249832921635953
"1953-09-01",0.159725690037923,0.132918568822625
"1953-10-01",-0.0533463098720455,-0.0117121160260467
"1953-11-01",0.350838890316002,0.350097941701076
"1953-12-01",0.619469756931834,0.744129615471157
"1954-01-01",0.592226686864404,0.548689160690121
"1954-02-01",0.181388813909274,0.288582639038338
"1954-03-01",0.0582012324301653,0.150012202446316
"1954-04-01",-0.177395519650066,0.138123914345185
"1954-05-01",0.509312446569709,0.56492489643884
"1954-06-01",0.273738311678144,0.502315476226803
"1954-07-01",0.341288102464218,0.479132055858665
"1954-08-01",0.324333630853626,0.269788371948928
"1954-09-01",0.183792924707323,0.284400796757337
"1954-10-01",0.0631115396865304,0.194554418266316
"1954-11-01",0.149332863219136,0.215038812407301
"1954-12-01",0.291034912865943,0.346889975473312
"1955-01-01",0.603615879000363,0.654865330306633
"1955-02-01",0.490433197572472,0.605157969027826
"1955-03-01",0.233390936305895,0.58829203262281
"1955-04-01",0.394355429769578,0.580649901067802
"1955-05-01",0.427973217849491,0.358595437367788
"1955-06-01",0.371345475242938,0.333131116454796
"1955-07-01",0.458639542645861,0.54050688120937
"1955-08-01",0.607442491849715,0.696708284366549
"1955-09-01",0.581148791261208,0.675456021608285
"1955-10-01",0.959221773814964,0.875583760417309
"1955-11-01",1.08131345549723,0.980813923618821
"1955-12-01",1.05387592554191,1.04169853589824
"1956-01-01",0.90893491689034,0.986099495978761
"1956-02-01",0.825708720643837,0.971289681518182
"1956-03-01",0.787114304938162,0.912187651285905
"1956-04-01",1.05089099642835,1.08747110977023
"1956-05-01",0.184335661981353,0.310198142083563
"1956-06-01",-0.178515918735187,-0.0701605199844231
"1956-07-01",-0.0101548303331984,-0.0930500318450198
"1956-08-01",0.102583016221764,0.164174134519118
"1956-09-01",0.244562750422262,0.152828852121244
"1956-10-01",0.402042653135979,0.575092631396454
"1956-11-01",0.545739328737321,0.543165974807438
"1956-12-01",0.472938163702044,0.703998394158107
"1957-01-01",0.292116603739545,0.2332923380033
"1957-02-01",-0.263923531471962,-0.0771206469062075
"1957-03-01",-0.0544268976676475,0.0849779826730267
"1957-04-01",-0.0443393794144029,-0.0741948981993491
"1957-05-01",-0.0978514322184396,-0.101915475340778
"1957-06-01",-0.103312780105161,0.105826137224322
"1957-07-01",0.29603062897651,0.304926186219796
"1957-08-01",0.227364727526017,0.507752133299914
"1957-09-01",0.523809973594572,0.59985164752898
"1957-10-01",0.429493594299958,0.63518068302814
"1957-11-01",0.82010402536363,0.689319933455466
"1957-12-01",0.559006984717616,0.767926785139278
"1958-01-01",0.526716829306385,0.793371649697637
"1958-02-01",0.808193900489659,0.950278604346571
"1958-03-01",1.36207523076569,1.54110035820924
"1958-04-01",1.49433158127958,1.64381675622317
"1958-05-01",1.26038174429887,1.29208492739629
"1958-06-01",1.29161847649248,1.09451124297933
"1958-07-01",0.774320461990403,0.585835742567811
"1958-08-01",0.666951337553319,0.631642258981695
"1958-09-01",0.749648040786346,0.608764478194783
"1958-10-01",0.611270747799386,0.737415663200661
"1958-11-01",0.716084066681016,0.663519372464805
"1958-12-01",0.282235892250778,0.330733751208496
"1959-01-01",0.360631997539502,0.346001667541623
"1959-02-01",0.254572612674484,0.439762905870194
"1959-03-01",-0.325985945317242,-0.0666101350028347
"1959-04-01",-0.443961502441334,-0.177673018963544
"1959-05-01",-0.17748465974508,0.0925405718615641
"1959-06-01",-0.00574271953211763,0.215436984191966
"1959-07-01",-0.0716351027042968,0.267866698993081
"1959-08-01",-0.0407274547556128,0.130901423401997
"1959-09-01",0.162805577760653,0.116726540052635
"1959-10-01",-0.0318466044714471,0.147536695083523
"1959-11-01",0.167348193157963,0.296216281650951
"1959-12-01",0.210265327566561,0.320910703140198
"1960-01-01",0.335191055979532,0.556828915755501
"1960-02-01",0.834743895263708,1.00068790492033
"1960-03-01",0.203557522266458,0.522499661830524
"1960-04-01",0.438220159668866,0.639148245359382
"1960-05-01",0.264173038628476,0.542006960063738
"1960-06-01",0.411689820065441,0.463985717984643
"1960-07-01",0.192412753755546,0.435075422460851
"1960-08-01",0.458992016111324,0.495581572613965
"1960-09-01",0.340178431628013,0.406816819355354
"1960-10-01",0.383069054454922,0.607908591101311
"1960-11-01",0.807410716097339,1.00254158161643
"1960-12-01",0.504178486154224,0.832200115399639
"1961-01-01",0.489157598611566,0.921440311779606
"1961-02-01",0.569283560520367,0.741192394455759
"1961-03-01",0.357543903601109,0.633016463134294
"1961-04-01",0.549108223843171,0.974447291374979
"1961-05-01",0.486324153451684,0.696919854076634
"1961-06-01",0.0221593140340874,0.0691807655671418
"1961-07-01",0.0800128683085567,0.239833183590275
"1961-08-01",0.363863129398589,0.358038585552119
"1961-09-01",0.259889086188107,0.158989441315961
"1961-10-01",0.0438533893636081,0.115038145966861
"1961-11-01",0.244213423260701,0.41903488828757
"1961-12-01",0.450761946448766,0.629662976451484
"1962-01-01",0.320691335095384,0.511034413827271
"1962-02-01",0.239574128620008,0.476189743805828
"1962-03-01",0.50642810203883,0.598843228312336
"1962-04-01",0.259663434117733,0.451978889111776
"1962-05-01",0.202361300761778,0.304159473498962
"1962-06-01",0.170431588492147,0.199540123655142
"1962-07-01",0.407382033946239,0.445399134811655
"1962-08-01",0.386536878635972,0.439684504995563
"1962-09-01",0.190999711926694,0.340992890562628
"1962-10-01",0.055359359379352,0.209157373922347
"1962-11-01",0.42750720354203,0.474093781642469
"1962-12-01",0.84839935843583,0.830445488963334
"1963-01-01",0.783850785820267,0.956928122719953
"1963-02-01",0.773423774882635,0.834845295575713
"1963-03-01",0.0566771368314034,0.426148807073577
"1963-04-01",0.17908259342504,0.388188895778061
"1963-05-01",-0.0533322222284462,0.0618743238741203
"1963-06-01",0.284980515034514,0.301948618812609
"1963-07-01",0.295351477062764,0.446726728188657
"1963-08-01",0.260593022811481,0.420048499321589
"1963-09-01",0.0514222610738818,0.305294902691384
"1963-10-01",0.0959588835642033,0.417438026329654
"1963-11-01",-0.166646227223966,0.228597360206846
"1963-12-01",-0.556891186195454,0.0428898793061298
"1964-01-01",0.0723787602691904,0.230460596012655
"1964-02-01",0.067239984524169,0.415175533842611
"1964-03-01",-0.218932560964865,0.112372189980026
"1964-04-01",-0.265750893430373,0.0717567865767246
"1964-05-01",0.192317889801031,0.434139871788548
"1964-06-01",0.0392882728581572,0.240654299637704
"1964-07-01",-0.0304015911673064,0.276968805449679
"1964-08-01",-0.0161610581769721,0.162954524161588
"1964-09-01",0.206496218383549,0.258084752272343
"1964-10-01",0.0795073400861452,0.278446690651154
"1964-11-01",0.359019508550159,0.499725205974331
"1964-12-01",0.409155521597016,0.629675502006543
"1965-01-01",0.0843950604732391,0.171058994258065
"1965-02-01",-0.382863751852646,-0.23754836036751
"1965-03-01",-0.432405939788247,-0.163582541037514
"1965-04-01",-0.533248774113011,-0.184079502460357
"1965-05-01",-0.23553382357588,-0.232093901219117
"1965-06-01",-0.211533528552255,-0.237376222278264
"1965-07-01",-0.0297011037939506,-0.133056650088678
"1965-08-01",-0.0893796481260029,-0.158629846303907
"1965-09-01",-0.173490325582535,-0.280389626860072
"1965-10-01",-0.114968059540436,-0.181548141240899
"1965-11-01",0.228327916700448,0.155407777839614
"1965-12-01",0.0755755488450041,0.181951795865483
"1966-01-01",0.0925818746689041,0.229162875746546
"1966-02-01",0.711804265908336,0.918164537161897
"1966-03-01",0.733532601481001,0.9712873653093
"1966-04-01",0.353435963235882,0.671371556595819
"1966-05-01",0.3619706944988,0.547185597261068
"1966-06-01",-0.0964563641593199,0.238418501541468
"1966-07-01",0.18189447749195,0.329969591561316
"1966-08-01",0.0310454858765565,0.233984871491003
"1966-09-01",0.279883105082445,0.386419571168024
"1966-10-01",0.435227524157796,0.458632628801176
"1966-11-01",0.104200894335271,0.414322619223552
"1966-12-01",-0.355284580581248,-0.0874667006568071
"1967-01-01",0.0224451727603195,0.0976282150035791
"1967-02-01",-0.33920083110748,-0.0942633070379042
"1967-03-01",-0.269460849782528,0.0988976832331572
"1967-04-01",0.086196929266372,0.228052270138204
"1967-05-01",-0.0158262368203123,0.0505507354324914
"1967-06-01",0.0466404440284028,0.388293991344042
"1967-07-01",0.230070967103019,0.309644178125958
"1967-08-01",0.0772261000202101,0.216063358300355
"1967-09-01",0.215338992434171,0.235446295894501
"1967-10-01",0.509575514788983,0.578266029265864
"1967-11-01",0.224866824215297,0.199778259763287
"1967-12-01",-0.0679013489306085,0.0125740933882018
"1968-01-01",-0.247212812598877,-0.0290816407963355
"1968-02-01",0.0920553850278384,0.291403738813953
"1968-03-01",0.119669017895191,0.403689380115271
"1968-04-01",-0.0918678544633695,0.226323486691965
"1968-05-01",0.215671362909164,0.310624451614125
"1968-06-01",0.26421947144765,0.290751439029441
"1968-07-01",0.237871255718805,0.305454182102547
"1968-08-01",0.0018415953578538,0.0403593927695424
"1968-09-01",-0.115866063994859,0.0146493575399207
"1968-10-01",-0.0538451730349858,0.0193074422993685
"1968-11-01",0.0180234175235729,-0.0546292889371236
"1968-12-01",-0.154822944847356,0.0781692470788541
"1969-01-01",0.269909661219552,0.303991718949657
"1969-02-01",-0.0576583023718287,0.169183617452759
"1969-03-01",0.516979503870078,0.675167262188463
"1969-04-01",0.367671962348891,0.529219426376782
"1969-05-01",0.355715895741151,0.43262334163867
"1969-06-01",0.211119610942467,0.255815366639375
"1969-07-01",0.454413762760079,0.271428301367725
"1969-08-01",0.0694646377651717,0.123803048181783
"1969-09-01",0.0229615940033869,-0.0199167937450334
"1969-10-01",-0.0445670893955017,-0.0881215502409096
"1969-11-01",0.325079707826594,0.199955556257845
"1969-12-01",0.590202895024959,0.68850386195027
"1970-01-01",1.15111030781573,1.16727985347778
"1970-02-01",0.938956874066402,1.04106036461115
"1970-03-01",1.16163082487353,1.27469952245292
"1970-04-01",1.03582193251857,1.07453794615355
"1970-05-01",0.823989194512359,0.851608633296219
"1970-06-01",0.554267671474212,0.596014666992835
"1970-07-01",0.234926056479451,0.232743532127503
"1970-08-01",0.25260818237071,0.358657504371951
"1970-09-01",0.170342342362355,0.164171010100604
"1970-10-01",0.336026606983462,0.314015537934901
"1970-11-01",0.239343885101739,0.294177711081551
"1970-12-01",0.247917728316468,0.203241977390389
"1971-01-01",-0.0305257188852112,-0.243942168203409
"1971-02-01",-0.439102842458964,-0.342219901653551
"1971-03-01",-0.446075158863332,-0.270844626266661
"1971-04-01",-0.568319237276262,-0.547595669132733
"1971-05-01",-0.622580851608671,-0.503871444721705
"1971-06-01",-0.739056056801177,-0.603638047946756
"1971-07-01",-0.233131939843597,-0.106288733208568
"1971-08-01",-0.333243198357838,-0.228502643592393
"1971-09-01",-0.186788056137485,-0.087203331124768
"1971-10-01",0.171671064017223,0.311462496812865
"1971-11-01",0.430608911741561,0.583208313130662
"1971-12-01",0.450856344389049,0.454747594761796
"1972-01-01",-0.345338300837048,-0.321145625215379
"1972-02-01",-0.578023664501219,-0.50894536206519
"1972-03-01",-0.722040476778547,-0.644953558524859
"1972-04-01",-0.446311605832252,-0.398867654148357
"1972-05-01",-0.547628389218997,-0.571381892964804
"1972-06-01",-0.553776496306978,-0.670973440492573
"1972-07-01",-0.539276664669091,-0.560639004594965
"1972-08-01",-0.743039714478536,-0.886197190311143
"1972-09-01",-0.552070588299914,-0.701224515799804
"1972-10-01",-0.318008056623811,-0.452719015435211
"1972-11-01",-0.412688878452394,-0.487625806466193
"1972-12-01",-0.899141518043644,-0.842485519944845
"1973-01-01",-0.879002861406257,-1.03795291168014
"1973-02-01",-0.990514050561007,-0.96489181750143
"1973-03-01",-1.15208703302965,-1.09517593125686
"1973-04-01",-0.99821944560922,-0.927862164300112
"1973-05-01",-0.95235572934405,-0.850170086463324
"1973-06-01",-0.749329972858667,-0.957592305643758
"1973-07-01",-0.730110332393631,-0.805402023864696
"1973-08-01",-0.799944256113656,-0.714877549003672
"1973-09-01",-0.796848848906667,-0.836685357779061
"1973-10-01",-0.704613356561707,-0.784717101374958
"1973-11-01",-0.741696988058864,-0.683159066697379
"1973-12-01",-0.486602295478436,-0.525303258873472
"1974-01-01",-0.505435695149296,-0.397093762904831
"1974-02-01",-0.400088734238373,-0.338383223548921
"1974-03-01",-0.671417035546112,-0.571639083214979
"1974-04-01",-1.17299262349125,-1.12010528624145
"1974-05-01",-1.23089086216236,-1.13914203325824
"1974-06-01",-0.754874624534131,-0.649324360936932
"1974-07-01",-0.754278715117616,-0.652969981808853
"1974-08-01",-0.523184712457848,-0.73679637150945
"1974-09-01",-0.723578679921735,-0.702203923451151
"1974-10-01",-0.695288555238442,-0.70920527466332
"1974-11-01",-0.765519989433281,-0.770020843701542
"1974-12-01",-0.766273674276373,-0.674915407661764
"1975-01-01",-0.264473578274844,-0.121103138635922
"1975-02-01",-0.163989971113266,-0.126041808437334
"1975-03-01",-0.542753826556383,-0.316090361056391
"1975-04-01",-0.212572771292003,0.0139504001422047
"1975-05-01",-0.557504710679546,-0.432710756304126
"1975-06-01",-0.429800737845128,-0.43195669271164
"1975-07-01",-0.296781008453227,-0.190078030172834
"1975-08-01",-0.166452728517329,0.0625760942978647
"1975-09-01",0.257532761767404,0.132562044369116
"1975-10-01",-0.0672010372516234,0.173979333045443
"1975-11-01",-0.0679425358239386,0.0699514317333071
"1975-12-01",0.145145821658634,0.233887174957171
"1976-01-01",0.367544405979462,0.503240855803578
"1976-02-01",-0.0475364473037349,0.157154603442394
"1976-03-01",-0.0644413612853444,0.0848588913980156
"1976-04-01",0.11352293988262,0.400559796721094
"1976-05-01",0.264700944472812,0.350026760381609
"1976-06-01",0.222590605330663,0.269517647396787
"1976-07-01",0.0179696070515606,0.409665721196783
"1976-08-01",0.478146876273518,0.620688391963911
"1976-09-01",0.177180704828895,0.52633982840808
"1976-10-01",0.290911262280069,0.435358228548322
"1976-11-01",0.443097604308476,0.347958343613551
"1976-12-01",-0.0617669988316575,-0.0511558619592397
"1977-01-01",0.0482726230538122,0.0842833103705755
"1977-02-01",-0.126336146337977,-0.0890697870296489
"1977-03-01",-0.112421642116806,0.145516180278992
"1977-04-01",-0.0652982878246347,0.188244081834741
"1977-05-01",-0.110983964016884,0.0712655183737682
"1977-06-01",0.026370628107911,0.154337728685793
"1977-07-01",-0.213614310394577,-0.0909149482899774
"1977-08-01",-0.153964726070983,-0.0210923833263675
"1977-09-01",0.117250024425435,0.150333081100697
"1977-10-01",-0.163530561913365,-0.0292229952761686
"1977-11-01",0.100975902042436,0.193174848532397
"1977-12-01",-0.025788959351763,0.22390581799775
"1978-01-01",0.428500794797556,0.552166351531611
"1978-02-01",0.519343841459156,0.63367836695075
"1978-03-01",0.592467512058287,0.888703294877862
"1978-04-01",0.863353229666928,1.18807411146843
"1978-05-01",0.593550061528793,0.594414541319362
"1978-06-01",0.363904855816048,0.333167805737872
"1978-07-01",-0.192261156356509,-0.0659672111231189
"1978-08-01",0.100475315651018,0.062118311555054
"1978-09-01",0.234945871343499,0.289737799734451
"1978-10-01",0.506287832885017,0.589719217568817
"1978-11-01",0.743791809833305,0.713426227800626
"1978-12-01",0.577444435579492,0.452765320578634
"1979-01-01",0.729170358660431,0.66816310288483
"1979-02-01",0.949825468395259,0.982881096317278
"1979-03-01",0.567414745938128,0.840872181640404
"1979-04-01",0.419752512587563,0.64967080233106
"1979-05-01",0.305293867474116,0.374756524099998
"1979-06-01",0.426382566224749,0.499952044699049
"1979-07-01",0.364815151083136,0.261674989172198
"1979-08-01",0.0589909486954477,0.076947970668913
"1979-09-01",0.00219177667482609,-0.0904138859865224
"1979-10-01",0.261944006309523,0.152216079709416
"1979-11-01",0.233933486329677,0.316762579100596
"1979-12-01",0.313282473270056,0.393549765320592
"1980-01-01",0.638146316822368,0.579607258814794
"1980-02-01",0.758698861006291,0.792616334764726
"1980-03-01",0.525091612712603,0.577548132475916
"1980-04-01",0.550967574354824,0.679344554746037
"1980-05-01",0.780569443651282,0.931609246558648
"1980-06-01",0.636874673403043,0.740204972771316
"1980-07-01",0.264052320202909,0.254387522075664
"1980-08-01",0.0781760599961101,0.185859816798921
"1980-09-01",0.231406947110517,0.27462650141543
"1980-10-01",0.417976094472518,0.321064439309502
"1980-11-01",0.389128436476632,0.401146439572975
"1980-12-01",0.73296287390717,0.818801896427549
"1981-01-01",0.789000230220217,0.699848603574959
"1981-02-01",0.662076877196227,0.892457780283355
"1981-03-01",1.26443699888467,1.60747415603093
"1981-04-01",0.892287072370781,1.04839890331807
"1981-05-01",1.06902935404555,1.12278289526482
"1981-06-01",0.970433324876828,0.889310221888657
"1981-07-01",0.662791323717737,0.551498896366035
"1981-08-01",0.709957097575647,0.675704091981668
"1981-09-01",0.336712754859757,0.267953321125457
"1981-10-01",0.00721572366296728,0.206370493920399
"1981-11-01",0.465722105933969,0.391255967198172
"1981-12-01",0.603842361291493,0.654035370744558
"1982-01-01",0.536620670337036,0.682602308371808
"1982-02-01",0.559007831957867,0.53202068203693
"1982-03-01",0.257789980061839,0.615004726942733
"1982-04-01",0.381447528066236,0.48969756897155
"1982-05-01",0.452998680696494,0.697569956791737
"1982-06-01",0.212223178601508,0.240515749334846
"1982-07-01",0.187561068728748,0.262454426193707
"1982-08-01",0.268977005260789,0.23913255243797
"1982-09-01",0.103629461660406,0.125508286810951
"1982-10-01",0.0191208155141638,0.0894888847317459
"1982-11-01",-0.177435283387297,-0.15808780289072
"1982-12-01",-0.422163377618706,-0.237140440432644
"1983-01-01",-0.457363833001308,-0.340303316631068
"1983-02-01",-0.14141680256958,-0.0591351953982143
"1983-03-01",0.73011054044702,0.870946942270655
"1983-04-01",0.506928162214092,0.764608404843854
"1983-05-01",0.322892356630792,0.476839539571277
"1983-06-01",0.353789565508831,0.384571845379364
"1983-07-01",0.314501414022614,0.244668871063761
"1983-08-01",-0.10216337110709,-0.020172205258187
"1983-09-01",-0.0568296599283024,0.0297167590445669
"1983-10-01",0.00649608409712744,0.072145511008264
"1983-11-01",-0.0115578315132543,0.0309070426736682
"1983-12-01",-0.085440983911027,0.125490621042225
"1984-01-01",-0.533570137627541,-0.472002391286409
"1984-02-01",-0.808909136854556,-0.652780474731128
"1984-03-01",-0.630405895103661,-0.477870182436783
"1984-04-01",-0.309245788533166,-0.183144568255205
"1984-05-01",-0.224614826628236,-0.0844284906445412
"1984-06-01",-0.643448486406242,-0.564733888327823
"1984-07-01",-0.595345598209297,-0.599548423213502
"1984-08-01",-0.623609201185255,-0.64002209247708
"1984-09-01",-0.63673535106388,-0.582933567706914
"1984-10-01",-0.544021328943081,-0.523630635168853
"1984-11-01",-0.532482873569059,-0.4186195435897
"1984-12-01",-0.499576274464353,-0.256830673374862
"1985-01-01",-0.475225155358745,-0.279104798614894
"1985-02-01",-0.611535755502573,-0.425474925284689
"1985-03-01",-0.712694022283802,-0.62404587443795
"1985-04-01",-0.673366821635603,-0.630671974143298
"1985-05-01",-0.789081387329284,-0.62477943912973
"1985-06-01",-0.164174722599498,-0.0822274252183281
"1985-07-01",0.163914647930694,0.0856561691686701
"1985-08-01",0.0639208506839867,-0.073134589789172
"1985-09-01",-0.0314837706873717,-0.159006629915985
"1985-10-01",-0.286740215407234,-0.353208339248262
"1985-11-01",-0.118287939888492,-0.0762053121464879
"1985-12-01",-0.163583928928107,-0.0793524655350545
"1986-01-01",-0.534986316869698,-0.555870037405466
"1986-02-01",-0.818969961270066,-0.663706200719938
"1986-03-01",-0.662749954157485,-0.635345701812161
"1986-04-01",-0.500341908663641,-0.326382764479538
"1986-05-01",-0.644753339364678,-0.411249659036354
"1986-06-01",-0.548465108614658,-0.535576557760371
"1986-07-01",-0.319354750279076,-0.363089186259432
"1986-08-01",-0.287313735334921,-0.392558114097506
"1986-09-01",-0.160508139102788,-0.208315067396781
"1986-10-01",-0.23016616517167,-0.245589059921702
"1986-11-01",-0.136164030195051,-0.159995521714263
"1986-12-01",-0.445346201581556,-0.562390099049805
"1987-01-01",-0.232895201903858,-0.251886004219473
"1987-02-01",-0.19423397636929,-0.204970159531811
"1987-03-01",-0.0140418400140773,0.137257163085402
"1987-04-01",0.0983356508580798,0.22394165276101
"1987-05-01",0.12950524056124,0.104134443374873
"1987-06-01",0.276321266737442,0.19069875841187
"1987-07-01",0.0393717553207158,0.0641702954692747
"1987-08-01",0.214688275258576,0.215403840671519
"1987-09-01",0.258594465804801,0.394081650709796
"1987-10-01",0.132117573826752,-0.115685983227314
"1987-11-01",-0.176096465008255,-0.308406484667762
"1987-12-01",0.321749080668197,0.38199746240958
"1988-01-01",-0.208738322669995,-0.260499633180233
"1988-02-01",-0.524091129045011,-0.414461972280381
"1988-03-01",-0.464909890546094,-0.368462604460397
"1988-04-01",0.0749808178811545,0.167792319358445
"1988-05-01",-0.149680011840638,-0.032219291391167
"1988-06-01",0.134606838319059,0.122334256445712
"1988-07-01",0.343500085744414,0.318034019193217
"1988-08-01",-0.0457953007822908,-0.054935794412066
"1988-09-01",0.213231549815561,0.107681600913272
"1988-10-01",0.0456309149630867,-0.0770454366968663
"1988-11-01",-0.117233248194424,-0.0650488438225649
"1988-12-01",-0.222391398584648,-0.233199672567726
"1989-01-01",-0.6869063331638,-0.581000431433986
"1989-02-01",-0.478434419305101,-0.368117143565733
"1989-03-01",-0.755644469854242,-0.715605211964268
"1989-04-01",-0.838421796883353,-0.737708357917543
"1989-05-01",-0.458087533432707,-0.402647926940889
"1989-06-01",-0.267271027758837,-0.180107749114546
"1989-07-01",0.157013710030418,0.137762621174775
"1989-08-01",0.082084451996071,0.261914555183282
"1989-09-01",-0.0510190579419852,-0.065835597881134
"1989-10-01",-0.0479574888151501,-0.123378812502219
"1989-11-01",0.206076539381836,0.124648717792464
"1989-12-01",0.586909264359649,0.716762268895763
"1990-01-01",0.503922179041075,0.482856377980347
"1990-02-01",-0.0212623894324631,0.29332327798223
"1990-03-01",-0.0484484351193154,0.154366091049728
"1990-04-01",-0.28997925020078,-0.0784794935235745
"1990-05-01",0.0706317248884482,0.154710183866809
"1990-06-01",-0.269707371723813,-0.218823963949443
"1990-07-01",0.0924152376343024,0.0394021444481183
"1990-08-01",0.462038672114828,0.530178204651556
"1990-09-01",0.512072817137378,0.650953763174694
"1990-10-01",0.52269218552433,0.60173604806861
"1990-11-01",0.252232588989738,0.195213383782298
"1990-12-01",0.0116466953097983,0.101167752413062
"1991-01-01",0.258286513350699,0.231416246954392
"1991-02-01",0.163459980302195,0.342219491550829
"1991-03-01",0.0146602747310566,0.159751002414956
"1991-04-01",-0.525516844171301,-0.275552225531567
"1991-05-01",-0.333241726929254,-0.104133793052097
"1991-06-01",-0.157244985733263,-0.178084747418788
"1991-07-01",-0.128792903303341,-0.00632581685250638
"1991-08-01",0.00507010735734503,0.133323728281811
"1991-09-01",0.110293245895937,0.169082897888525
"1991-10-01",0.44397703809081,0.367147222586399
"1991-11-01",0.344018320252542,0.213847987146837
"1991-12-01",0.0971804613774024,-0.0728812501969362
"1992-01-01",0.36147720872786,0.40892096601377
"1992-02-01",0.456261689945476,0.664752533378169
"1992-03-01",0.382347909491757,0.508715665286749
"1992-04-01",0.0620029636976297,0.300145026671989
"1992-05-01",0.272195382325007,0.338834698079077
"1992-06-01",0.337469138172914,0.378198321170157
"1992-07-01",0.40162781048398,0.435011570413483
"1992-08-01",0.232174590538548,0.363455308318874
"1992-09-01",0.534648188573704,0.530949144616391
"1992-10-01",0.685252781537845,0.597759655221793
"1992-11-01",0.63185100380868,0.60902814588888
"1992-12-01",0.42551565975389,0.466899591721882
"1993-01-01",0.419618194552068,0.428649294601244
"1993-02-01",-0.236640164650353,-0.102336444183947
"1993-03-01",-0.300134766332045,-0.151748871441373
"1993-04-01",-0.174014079086823,-0.0208593572948174
"1993-05-01",0.11687292485559,-0.00912410497358543
"1993-06-01",0.153554357552563,0.126741181779291
"1993-07-01",0.178861394762421,0.038819420117823
"1993-08-01",-0.138543640196746,0.0927997067561904
"1993-09-01",-0.413538002078376,-0.338507203781464
"1993-10-01",-0.506217627273484,-0.583991215983376
"1993-11-01",-0.759207765635467,-0.64527682409749
"1993-12-01",-0.576945112039545,-0.49040334154399
"1994-01-01",-0.587496976309815,-0.443215249943013
"1994-02-01",-0.661641397579211,-0.534588085264298
"1994-03-01",-0.660541022363799,-0.360361380771402
"1994-04-01",-0.333409818037315,-0.169406385224691
"1994-05-01",-0.571660166762677,-0.263552924318651
"1994-06-01",-0.165200630743019,-0.110026532380393
"1994-07-01",-0.243475974895122,-0.138481817094129
"1994-08-01",-0.0849136140506416,-0.0442112996757663
"1994-09-01",-0.250267083075872,-0.200775625469899
"1994-10-01",0.135743775969638,0.101343631726683
"1994-11-01",0.125694177919711,0.23468463122359
"1994-12-01",-0.0174731479018117,0.137115171844056
"1995-01-01",-0.0176025602993406,0.082192418803697
"1995-02-01",-0.437477940852387,-0.259713827202904
"1995-03-01",-0.435857717525556,-0.152853965698291
"1995-04-01",-0.269259340022126,-0.0196668429921841
"1995-05-01",0.309616313545073,0.447222154344598
"1995-06-01",0.389451601628241,0.327506753810926
"1995-07-01",0.871576544577698,0.785025984346703
"1995-08-01",0.91138186226422,1.13128533003711
"1995-09-01",0.626177246545727,0.690081634451826
"1995-10-01",0.678942186048488,0.646411995645933
"1995-11-01",0.944681832649548,0.951574383559763
"1995-12-01",0.823802488036087,0.774665113982463
"1996-01-01",0.702754575388286,0.815675307684696
"1996-02-01",0.137816096056463,0.223319374295894
"1996-03-01",-0.158482055283065,0.0944014711930873
"1996-04-01",-0.134236476350413,0.267800105799052
"1996-05-01",0.0738105954546986,0.176497695439546
"1996-06-01",0.065677767356101,0.129070258378369
"1996-07-01",-0.120125058855121,-0.124499886869312
"1996-08-01",-0.0389622562464735,-0.0295974872043191
"1996-09-01",0.334229699581186,0.217649543795125
"1996-10-01",0.16848718962572,0.141377296027242
"1996-11-01",0.123444304704244,0.105672687491425
"1996-12-01",0.138497699119573,0.360024152590516
"1997-01-01",0.92415994875827,0.858127433876727
"1997-02-01",1.02231759242708,1.16086443935587
"1997-03-01",0.768558668593102,1.15159850716946
"1997-04-01",0.958407023681279,1.23196661476983
"1997-05-01",1.03959506633487,1.22027086111335
"1997-06-01",1.25671422595973,1.0923309578923
"1997-07-01",0.624141980777908,0.655429467719767
"1997-08-01",0.416938107585523,0.390933079100651
"1997-09-01",0.381998760388789,0.338733157814363
"1997-10-01",0.0610171376019162,0.155762905587199
"1997-11-01",-0.113217398477257,-0.00659255099924283
"1997-12-01",-0.311128493373698,-0.241550516785533
"1998-01-01",-0.118205904163009,0.0243147603597
"1998-02-01",0.243071302873427,0.312971530098703
"1998-03-01",0.192910449849548,0.274709242774414
"1998-04-01",0.242250006962541,0.234654429448547
"1998-05-01",0.249482340873314,0.279430998577986
"1998-06-01",0.367349027362206,0.485026944548015
"1998-07-01",-0.0474638732957118,-0.0376950589534489
"1998-08-01",0.447895300044968,0.486335438640036
"1998-09-01",0.265703001621093,0.445318958984737
"1998-10-01",0.43380813039268,0.678460630265932
"1998-11-01",0.511436062650279,0.405008553053883
"1998-12-01",0.356813374073001,0.46922918781984
"1999-01-01",0.148541457089271,0.393831152433909
"1999-02-01",0.191698044861105,0.395072078332331
"1999-03-01",-0.260165859702895,0.014702283908375
"1999-04-01",-0.33879499672678,-0.00582788585577584
"1999-05-01",0.0111450122709726,0.186386675179088
"1999-06-01",0.0917802193861437,0.220240522045014
"1999-07-01",0.142312675796239,0.146058439856535
"1999-08-01",0.378813961492617,0.423934531996699
"1999-09-01",0.271294940874274,0.397022177290073
"1999-10-01",0.258227469993664,0.439603188783115
"1999-11-01",0.205224424563424,0.197369626920827
"1999-12-01",0.169886085195879,0.154872719912479
"2000-01-01",0.105660495058364,0.0814421278193129
"2000-02-01",-0.17818588498158,-0.0982140152217721
"2000-03-01",0.101632769045625,0.0522662760643245
"2000-04-01",-0.149702623606295,0.1185288818747
"2000-05-01",-0.0550476232161325,0.219953159059769
"2000-06-01",-0.417953870879074,0.0242868830448611
"2000-07-01",0.0295253386202015,0.0722541275399297
"2000-08-01",0.0686679205743338,0.0285391336367984
"2000-09-01",-0.171879968222804,-0.14306976715402
"2000-10-01",-0.116639309499019,-0.13689105625842
"2000-11-01",-0.0356359423509327,-0.127814120824251
"2000-12-01",0.0876046455144069,-0.0794535946428889
"2001-01-01",-0.260768854496205,-0.154202140648665
"2001-02-01",-0.260248342274915,-0.0727622257284099
"2001-03-01",0.123161282420496,0.345460583858505
"2001-04-01",-0.260536756310566,-0.0510122871827006
"2001-05-01",-0.360140799143489,-0.221209670123292
"2001-06-01",0.065872596581511,-0.0832670071151387
"2001-07-01",-0.0375700320607283,0.0348709846923676
"2001-08-01",0.219569260403018,0.275748079301389
"2001-09-01",0.445973549443592,0.545172895754447
"2001-10-01",0.395930700289933,0.4517227953229
"2001-11-01",0.304725329524463,0.495431089826233
"2001-12-01",0.700335744083237,0.680166848528828
"2002-01-01",0.953987088463992,0.96175934489658
"2002-02-01",0.802305320125218,0.852727142341186
"2002-03-01",0.325208683505886,0.633236862371106
"2002-04-01",-0.103771940546886,0.168123578351053
"2002-05-01",-0.59725747860283,-0.3512580418574
"2002-06-01",-0.519378514865397,-0.264380858715305
"2002-07-01",-0.390823806729975,-0.31871604648551
"2002-08-01",0.20133333065702,0.101768475820136
"2002-09-01",0.156550551472336,0.13021235969974
"2002-10-01",0.426025740636345,0.280371080397034
"2002-11-01",0.28584846366423,0.293598135649909
"2002-12-01",-0.126091573869546,-0.0361809659729186
"2003-01-01",0.00131268887939398,-0.247077616495911
"2003-02-01",-0.60910767546356,-0.62093117121344
"2003-03-01",-0.246738385532187,-0.570792974167504
"2003-04-01",-0.520987258256519,-0.45799108973847
"2003-05-01",-0.272269994317684,-0.244952628322906
"2003-06-01",-0.228554292249094,-0.159150130621902
"2003-07-01",0.0915912598236569,0.118915610615914
"2003-08-01",-0.0369304446258964,0.0919802645674354
"2003-09-01",0.427927409494017,0.368880340764041
"2003-10-01",0.441645094574736,0.53269110697125
"2003-11-01",0.212259970965401,0.39159049932755
"2003-12-01",0.330967270184262,0.314532312064612
"2004-01-01",0.388951246683826,0.495806148203941
"2004-02-01",0.705053591738067,0.741261510350701
"2004-03-01",0.615597779712641,0.720271710603165
"2004-04-01",0.623668997538984,0.687000929020733
"2004-05-01",0.298544888784889,0.226252917279167
"2004-06-01",0.200077328556709,0.242416380290537
"2004-07-01",0.369385468650501,0.289419338189092
"2004-08-01",0.449269000462617,0.452591763417357
"2004-09-01",0.342350258385167,0.531937341043123
"2004-10-01",0.765005203037558,0.65088151180461
"2004-11-01",0.825301558789571,0.723523665135231
"2004-12-01",0.651390208385931,0.735261510198325
"2005-01-01",0.298536815254065,0.613083857736645
"2005-02-01",0.618601078878489,0.448015269393602
"2005-03-01",0.375061859932679,0.623648322849099
"2005-04-01",0.608843725217459,0.779045988794562
"2005-05-01",0.926761438787392,0.966575399267531
"2005-06-01",1.04402734806979,1.0636653779537
"2005-07-01",1.2956098665427,1.12959365963099
"2005-08-01",1.1832149783949,1.02588886623006
"2005-09-01",1.12788090443345,1.08001134349587
"2005-10-01",0.860146992251452,0.886011479434127
"2005-11-01",0.948331332480963,0.849336213678132
"2005-12-01",1.12106179935746,1.1016150708097
"2006-01-01",0.559830704986858,0.669891891523191
"2006-02-01",0.158198902598604,0.291504395731677
"2006-03-01",0.0242601400290938,0.15106824668439
"2006-04-01",0.293951235441289,0.429823750463234
"2006-05-01",0.293280409805564,0.370505800693769
"2006-06-01",0.532911798295732,0.403750351349398
"2006-07-01",0.267023499924729,0.327609633894732
"2006-08-01",0.246125670625104,0.287193019949838
"2006-09-01",0.475261218376231,0.470760882524637
"2006-10-01",0.731644469349996,0.716923700212687
"2006-11-01",1.13357337061865,0.901402658859899
"2006-12-01",0.322664497260404,0.626260354480387
"2007-01-01",0.5848652948561,0.63655675147594
"2007-02-01",0.546315430678077,0.755708444166824
"2007-03-01",0.467985069607527,0.600467114387182
"2007-04-01",0.511040943851672,0.606934176822768
"2007-05-01",0.337858854737524,0.40616930068435
"2007-06-01",0.246177649528784,0.288626809200779
"2007-07-01",0.26293730246999,0.210674998567802
"2007-08-01",0.323566970116713,0.210718531180462
"2007-09-01",0.21899552235463,0.380227046651615
"2007-10-01",0.5849677168761,0.549604227332199
"2007-11-01",0.234485567896536,0.393457039907459
"2007-12-01",0.171525675989689,0.333315329698852
"2008-01-01",0.279388808039375,0.399424608257059
"2008-02-01",0.491762364445758,0.446171389064134
"2008-03-01",-0.0369365042319627,0.229180404729676
"2008-04-01",-0.502483589038301,-0.201812003246371
"2008-05-01",-0.196427265789742,-0.100721961114752
"2008-06-01",0.187866608797788,0.174167064472981
"2008-07-01",0.289203216480586,0.257595124337535
"2008-08-01",0.222454390203196,0.30168757317647
"2008-09-01",0.565628728390385,0.463567246318867
"2008-10-01",0.514899404513083,0.564633981540597
"2008-11-01",0.414924598946332,0.406231085175666
"2008-12-01",0.329308621096797,0.352398050705095
"2009-01-01",-0.0601381752090319,0.112913193712725
"2009-02-01",-0.346461124141281,-0.115724718661154
"2009-03-01",-0.595055320446412,-0.435473903010801
"2009-04-01",-0.588772836017636,-0.434147762677443
"2009-05-01",-0.515962679422036,-0.494206491386317
"2009-06-01",-0.413527158440658,-0.341675518776071
"2009-07-01",0.157489636563225,0.0711370878386514
"2009-08-01",0.0933892773591426,0.0806110163602874
"2009-09-01",0.0875791073625433,0.0824619190614397
"2009-10-01",0.0984132813863361,0.153770328141911
"2009-11-01",0.168237586353405,0.0821230194240841
"2009-12-01",-0.22802760407179,-0.182987184267295
"2010-01-01",-0.0222046755720093,-0.0601887303806269
"2010-02-01",0.305142802128553,0.30507616471062
"2010-03-01",0.233215050891617,0.406387038158839
"2010-04-01",0.597196215783444,0.685483908661954
"2010-05-01",0.584575033792363,0.649924359007723
"2010-06-01",0.395499896221567,0.478959718164136
"2010-07-01",0.57770480693803,0.595956520314192
"2010-08-01",0.597201429168091,0.736914980642121
"2010-09-01",0.85763502328373,0.828576179411541
"2010-10-01",0.767239419077239,0.757765378191858
"2010-11-01",0.611101245938881,0.78273288033039
"2010-12-01",0.759119199324953,0.949960237657163
"2011-01-01",0.989567369859038,1.01588679315718
"2011-02-01",0.247673822173195,0.569855482215414
"2011-03-01",0.0545096498771533,0.279037720179546
"2011-04-01",0.294977138037626,0.43920449025547
"2011-05-01",0.335214143126288,0.455422477937438
"2011-06-01",0.729008410806913,0.62449993749962
"2011-07-01",0.351713583817691,0.347717337963664
"2011-08-01",0.390142741941365,0.375514058107103
"2011-09-01",0.325217741471337,0.432498532569759
"2011-10-01",0.444544058560335,0.528704136746311
"2011-11-01",0.749955230112827,0.78909822693471
"2011-12-01",0.887198254859087,0.986655944602933
"2012-01-01",0.843383988181213,0.931867949354878
"2012-02-01",0.822653786338802,0.86320464451377
"2012-03-01",0.108216213189698,0.421519972200574
"2012-04-01",0.368586961402122,0.430930388054199
"2012-05-01",0.217751665754802,0.42693348779411
"2012-06-01",0.70894619617116,0.622549317187257
"2012-07-01",0.514101761238452,0.642925881078337
"2012-08-01",0.812233460313735,0.757449198656599
"2012-09-01",0.892769133567183,1.0558338443086
"2012-10-01",1.08239725809189,1.18513483797406
"2012-11-01",1.14833530480986,1.18768155733487
"2012-12-01",0.74886591355068,0.932314992166695
"2013-01-01",0.581866137859459,0.573693992702677
"2013-02-01",0.356600990662726,0.619410073539388
"2013-03-01",0.460417172447723,0.790054295378639
"2013-04-01",0.269370574717706,0.429258065105013
"2013-05-01",0.327515727504441,0.505112920430178
"2013-06-01",0.215624488771643,0.188805745993078
"2013-07-01",0.123331807710199,0.224966666617315
"2013-08-01",0.251631171355893,0.297257238063711
"2013-09-01",0.638977479929025,0.582770650150744
"2013-10-01",0.730448462693513,0.801750531708138
"2013-11-01",0.695600527136949,0.727364103212526
"2013-12-01",0.472112011739727,0.657815139755333
"2014-01-01",0.0902016909733264,0.200786065403367
"2014-02-01",-0.56881856457672,-0.160794728432993
"2014-03-01",-0.448516298977795,-0.240242649301902
"2014-04-01",-0.40093775869465,-0.265578980219353
"2014-05-01",-0.1968149648371,-0.186105225208817
"2014-06-01",-0.211405721987971,-0.253190236667937
"2014-07-01",0.0336634125474489,-0.0716469855205343
"2014-08-01",0.20299037217871,0.165584856796006
"2014-09-01",0.282737437021282,0.387489595746274
"2014-10-01",0.808544432830522,0.855123349393023
"2014-11-01",0.872791228966057,0.691187435752926
"2014-12-01",0.72089511743534,0.726889380176501
"2015-01-01",-0.0209459429156344,0.0622644590156236
"2015-02-01",-0.368605016270519,-0.0723385391880863
"2015-03-01",-0.448710951030237,-0.159162043937302
"2015-04-01",-0.516366271831608,-0.338280458748921
"2015-05-01",-0.158665827613521,-0.107019123551039
"2015-06-01",-0.190797654280863,-0.165468173153857
"2015-07-01",0.178543251205289,0.220719936927418
"2015-08-01",0.672270861155964,0.73258224885893
"2015-09-01",0.831796264475797,0.911360366420415
"2015-10-01",0.839220378537015,0.875172132715905
"2015-11-01",0.404920588062151,0.56943096573246
"2015-12-01",-0.0694205156862084,0.0871533614080609
"2016-01-01",-0.0639750354639565,0.269424604864672
"2016-02-01",-0.0267622312527046,0.118235190585355
"2016-03-01",-0.363959733521846,0.0914404158955585
"2016-04-01",-0.0121216097623126,0.204982438802863
"2016-05-01",-0.0290870765334088,0.2361562206511
"2016-06-01",-0.083307519026647,0.112766881453147
"2016-07-01",-0.0281062510665909,0.110373686124648
"2016-08-01",0.120905173360882,0.139321836099197
"2016-09-01",0.121013655121108,0.302614259331036
"2016-10-01",0.41435663414272,0.426240715712146
"2016-11-01",0.536913215336933,0.598219101960374
"2016-12-01",0.248531434174471,0.431630229699728
"2017-01-01",0.102757491853096,0.298323097479221
"2017-02-01",0.00209717354358553,0.453159028616047
"2017-03-01",0.0471862788710471,0.31106933584759
"2017-04-01",0.51268635260817,0.49321899677156
"2017-05-01",0.550109523128749,0.649160120777273
"2017-06-01",0.533477561971977,0.539184174391708
"2017-07-01",0.652053799174888,0.594868185815802
"2017-08-01",0.660919114632251,0.66099072284707
"2017-09-01",0.787377124834367,0.716856469093303
"2017-10-01",0.732616212523941,0.659008744968461
"2017-11-01",0.874103942758659,0.787480547239654
"2017-12-01",1.02999342544497,0.924845943670527
"2018-01-01",0.560166436509805,0.68043755229899
"2018-02-01",0.209587531364779,0.357381117101416
"2018-03-01",0.0322222517182317,0.303137353611032
"2018-04-01",-0.126247200244057,0.104000953167368
"2018-05-01",-0.248513339257718,-0.0759749290105282
"2018-06-01",-0.427585495037858,-0.570041732366058
"2018-07-01",-0.263620971362122,-0.339939557551479
"2018-08-01",-0.0975007637002693,0.0670757084238101
"2018-09-01",-0.189174009030583,-0.11337218714806
"2018-10-01",0.202908713849712,0.125898740112566
"2018-11-01",-0.0575324169885595,0.108877819391543
"2018-12-01",-0.170562907909192,-0.099175295140179
"2019-01-01",-0.35828805221681,-0.181891914683272
"2019-02-01",-0.866420907071945,-0.322650874601869
"2019-03-01",-1.00691542430354,-0.702050203289769
"2019-04-01",-0.490349751685805,-0.541214842655929
"2019-05-01",-0.373919387221917,-0.580994698810893
"2019-06-01",-0.138888329415256,-0.188471367033516
"2019-07-01",-0.0486363159250488,-0.0776875027687208
"2019-08-01",0.513507179365747,0.332235570990506
"2019-09-01",0.543468320735513,0.547385669148657
"2019-10-01",0.509801795106931,0.567909027608622
"2019-11-01",-0.0625146925027467,-0.0159279572588791
"2019-12-01",-0.150729383114196,-0.0828338744647257
"2020-01-01",-0.592028465236991,-0.190730397515157
"2020-02-01",-0.0407322745767856,0.173081156722409
"2020-03-01",-0.0241589023012972,0.189406420524944
"2020-04-01",-0.102643751589357,0.203832870849639
"2020-05-01",-0.153114461578862,0.0187072626959766
"2020-06-01",0.192176973814767,0.307805865886649
"2020-07-01",0.269014405877623,0.433109583359824
"2020-08-01",0.27078135729253,0.416196720943409
"2020-09-01",0.476121088342787,0.513834319418658
"2020-10-01",0.472085125796982,0.526995540191022
"2020-11-01",0.347982485827934,0.58826782997901
"2020-12-01",0.243086040679173,0.37685358806211
